Note: Data starts on row 4,,,,,,,,,,,,,,,,,,,,
,,,,,,,,,,,,,,,,Mean ChW%,1.344249728,,Mean SurvSc,3.408452739
,,,,,,,,,,,,,,,,ChW% StDev',1.397231308,,SurvSc StDev,3.097637546
PID,Season,Contestant,ChW,ChA,ChW%,SurvSc,SurvAv,Days,Finish,Time,Sex,Birthday,Day 1 Filming date,Age,,,,,,
1,1,Richard Hatch,1.869047619,16.0952381,0.11612426,1.578981403,7.817619048,39,1,1,M,4/8/61,3/13/00,38.9,,,,,,
2,1,Kelly Wiglesworth,5.869047619,16.0952381,0.36464497,1.338670944,12.25865801,39,2,1,M,1/20/28,3/13/00,72.1,,,,,,
3,1,Rudy Boesch,1.619047619,16.0952381,0.100591716,1.08932411,3.952380952,38,3,1,M,11/27/69,3/13/00,30.3,,,,,,
4,1,Sue Hawk,0.869047619,15.0952381,0.057570978,0.950428121,3.669047619,37,4,1,M,11/2/69,3/13/00,30.4,,,,,,
5,1,Sean Keniff,1.869047619,14.0952381,0.132601351,0.784116503,3.304945055,36,5,1,M,12/31/75,3/13/00,24.2,,,,,,
6,1,Colleen Haskell,2.55952381,12.07142857,0.212031558,0.572687296,3.514069264,33,6,1,M,4/13/72,3/13/00,27.9,,,,,,
7,1,Gervase Peterson,2.892857143,9.071428571,0.318897638,0.446170365,3.292857143,30,7,1,M,6/15/76,3/13/00,23.7,,,,,,
8,1,Jenna Lewis,1.226190476,7.071428571,0.173400673,0.801872896,2.470634921,27,8,1,F,1/20/71,3/13/00,29.1,,,,,,
9,1,Greg Buis,2.55952381,5.071428571,0.504694836,0.674694836,3.11952381,24,9,1,F,8/11/72,3/13/00,27.6,,,,,,
10,1,Gretchen Cordy,1.226190476,3.071428571,0.399224806,1.116966742,3.851190476,21,10,1,M,1/18/36,3/13/00,64.2,,,,,,
11,1,Joel Klug,0.892857143,2.071428571,0.431034483,1.034209086,3.226190476,18,11,1,F,1/28/37,3/13/00,63.1,,,,,,
12,1,Dirk Been,0.619047619,1.511904762,0.409448819,1.012623422,2.952380952,15,12,1,M,1/4/64,11/1/04,40.8,,,,,,
13,1,Ramona Gray,0.392857143,0.988095238,0.397590361,0.697590361,1.792857143,12,13,1,F,5/28/75,11/1/04,29.4,,,,,,
14,1,Stacey Stillman,0.285714286,0.678571429,0.421052632,0.221052632,0.285714286,9,14,1,M,8/24/81,11/1/04,23.2,,,,,,
15,1,B.B. Andersen,0.25,0.392857143,0.636363636,-0.113636364,0.25,6,15,1,F,2/27/72,11/1/04,32.7,,,,,,
16,1,Sonja Christopher,0,0.125,0,-0.5,0,3,16,1,F,8/13/58,11/1/04,46.2,,,,,,
17,2,Tina Wesson,0.592857143,13.09404762,0.045276843,1.616705415,11.02142857,42,1,1,F,12/26/61,10/23/00,38.8,,,,,,
18,2,Colby Donaldson,8.092857143,13.09404762,0.618056187,1.949316476,13.49256854,42,2,1,M,4/1/74,10/23/00,26.6,,,,,,
19,2,Keith Famie,2.592857143,13.09404762,0.198018002,1.086750396,4.692857143,41,3,1,M,2/11/60,10/23/00,40.7,,,,,,
20,2,Elisabeth Filarski,0.971428571,12.025,0.080784081,0.51654797,2.354144621,39,4,1,F,5/28/77,10/23/00,23.4,,,,,,
21,2,Rodger Bingham,0.571428571,10.025,0.057000356,0.54658369,2.126984127,36,5,1,M,7/5/47,10/23/00,53.3,,,,,,
22,2,Amber Brkich,0.592857143,9.094047619,0.065191779,0.677896697,2.342857143,33,6,1,F,8/11/78,10/23/00,22.2,,,,,,
23,2,Nick Brown,1.971428571,7.025,0.280630402,0.767024959,3.721428571,30,7,1,M,4/2/77,10/23/00,23.6,,,,,,
24,2,Jerri Manthey,2.092857143,6.094047619,0.34342645,0.96842645,3.25952381,27,8,1,F,9/5/70,10/23/00,30.1,,,,,,
25,2,Alicia Calaway,0.971428571,4.525,0.214680347,0.677915641,2.526984127,24,9,1,F,5/1/68,10/23/00,32.5,,,,,,
26,2,Jeff Varner,0.971428571,2.525,0.384724187,0.95805752,2.668398268,21,10,1,M,4/16/66,10/23/00,34.5,,,,,,
27,2,Mike Skupin*,0.971428571,1.525,0.637002342,1.208430913,2.838095238,18,11,1,M,,10/23/00,100.8,,,,,,
28,2,Kimmi Kappenberg,0.571428571,1.325,0.431266846,0.731266846,1.971428571,15,12,1,F,11/11/72,10/23/00,27.9,,,,,,
29,2,Mitchell Olson,0.392857143,0.994047619,0.395209581,0.998384184,2.726190476,12,13,1,M,3/17/77,10/23/00,23.6,,,,,,
30,2,Maralyn Hershey,0.392857143,0.660714286,0.594594595,0.927927928,1.948412698,9,14,1,F,1/24/49,10/23/00,51.7,,,,,,
31,2,Kel Gleason,0.25,0.375,0.666666667,-0.208333333,0.25,6,15,1,M,,10/23/00,100.8,,,,,,
32,2,Debb Eaton,0,0.125,0,-0.875,0,3,16,1,F,6/11/55,10/23/00,45.4,,,,,,
33,3,Ethan Zohn,2.866666667,13.31071429,0.215365352,1.929651066,14.15238095,39,1,1,M,11/12/73,7/11/01,27.7,,,,,,
34,3,Kim Johnson,2.866666667,13.31071429,0.215365352,1.499799228,10.18095238,39,2,1,F,9/18/45,7/11/01,55.8,,,,,,
35,3,Lex van den Berghe,5.866666667,13.31071429,0.440747697,1.32666319,7.666666667,38,3,1,M,6/18/63,7/11/01,38.1,,,,,,
36,3,Big Tom Buchanan,1.666666667,12.31071429,0.135383425,0.825383425,3.448484848,37,4,1,M,10/30/55,7/11/01,45.7,,,,,,
37,3,Teresa Cooper,1.926190476,11.29285714,0.170567152,0.497166478,3.092857143,36,5,1,F,,7/11/01,101.5,,,,,,
38,3,Kim Powers,0.926190476,9.292857143,0.099666923,0.716470202,3.113690476,33,6,1,F,12/3/72,7/11/01,28.6,,,,,,
39,3,Frank Garrison,1.426190476,7.292857143,0.195559909,0.600754714,2.349267399,30,7,1,M,7/22/58,7/11/01,43.0,,,,,,
40,3,Brandon Quinton,1.426190476,6.292857143,0.226636398,0.872469731,3.292857143,27,8,1,M,1/22/76,7/11/01,25.5,,,,,,
41,3,Kelly Goldsmith,0.866666667,4.810714286,0.180153427,0.955153427,3.355555556,24,9,1,F,,7/11/01,101.5,,,,,,
42,3,Clarence Black,0.866666667,2.810714286,0.308343922,0.961569729,2.179166667,21,10,1,M,,7/11/01,101.5,,,,,,
43,3,Lindsey Richter,0.926190476,1.792857143,0.516600266,1.072155821,2.623160173,18,11,1,F,,7/11/01,101.5,,,,,,
44,3,Silas Gaither,0.726190476,1.392857143,0.521367521,1.061050061,2.281746032,15,12,1,M,,7/11/01,101.5,,,,,,
45,3,Linda Spencer,0.25,1.05952381,0.235955056,0.102621723,0.25,12,13,1,F,,7/11/01,101.5,,,,,,
46,3,Carl Bilancione,0.392857143,0.726190476,0.540983607,0.040983607,0.392857143,9,14,1,M,,7/11/01,101.5,,,,,,
47,3,Jessie Camacho,0,0.410714286,0,0.333333333,1.555555556,6,15,1,F,,7/11/01,101.5,,,,,,
48,3,Diane Ogden,0,0.125,0,-0.75,0,3,16,1,F,,7/11/01,101.5,,,,,,
49,4,Vecepia Towery,2.45,13.47738095,0.181786061,1.478156358,9.272510823,39,1,1,F,,,,,,,,,
50,4,Neleh Dennis,2.342857143,13.45952381,0.174066867,1.495858635,8.064285714,39,2,1,F,,,,,,,,,
51,4,Kathy Vavrick-O'Brien,4.50952381,13.45952381,0.33504334,1.103404922,6.929276896,38,3,1,F,1/6/54,,,,,,,,
52,4,Paschal English*,2.842857143,12.45952381,0.228167399,1.117056288,9.065079365,37,4,1,M,,,,,,,,,
53,4,Sean Rector,1.75,11.47738095,0.15247381,0.84301435,3.531818182,36,5,1,M,,,,,,,,,
54,4,Robert DeCanio,1.616666667,9.45952381,0.170903599,0.650070266,3.016666667,33,6,1,M,,,,,,,,,
55,4,Tammy Leitner,3.00952381,8.45952381,0.355755699,0.931946176,4.876190476,30,7,1,F,,,,,,,,,
56,4,Zoe Zanidakis,0.95952381,6.45952381,0.148544047,0.84140119,2.70952381,27,8,1,F,,,,,,,,,
57,4,John Carroll,0.55952381,4.95952381,0.112818051,0.680719285,2.115079365,24,9,1,M,,,,,,,,,
58,4,Boston Rob Mariano,0.25,2.977380952,0.083966413,0.842940772,2.116666667,21,10,1,M,,,,,,,,,
59,4,Gina Crews,0.75,1.977380952,0.379289585,0.759289585,2.35,18,11,1,F,,,,,,,,,
60,4,Gabriel Cade,0.95952381,1.45952381,0.657422512,-0.217577488,0.95952381,15,12,1,M,,,,,,,,,
61,4,Sarah Jones,0,0.977380952,0,0.644230769,1.4,12,13,1,F,,,,,,,,,
62,4,Hunter Ellis,0,0.777380952,0,0.26984127,1.166666667,9,14,1,M,,,,,,,,,
63,4,Patricia Jackson,0,0.410714286,0,0.333333333,1.555555556,6,15,1,F,,,,,,,,,
64,4,Peter Harkey,0,0.125,0,-0.625,0,3,16,1,M,1/17/56,,,,,,,,
65,5,Brian Heidik,6.183333333,11.12738095,0.555686316,2.127114888,16.61190476,39,1,1,M,3/9/68,6/10/02,34.3,,,,,,
66,5,Clay Jordan,2.183333333,11.12738095,0.196212689,1.489980196,7.817261905,39,2,1,M,12/30/55,6/10/02,46.4,,,,,,
67,5,Jan Gentry,1.183333333,11.12738095,0.106344282,0.971728897,4.245833333,38,3,1,F,10/31/48,6/10/02,53.6,,,,,,
68,5,Helen Glover,1.933333333,10.12738095,0.19090161,0.928646708,4.266666667,37,4,1,F,4/28/55,6/10/02,47.1,,,,,,
69,5,Ted Rogers,3.183333333,9.127380952,0.348767445,1.184633706,5.365151515,36,5,1,M,12/28/64,6/10/02,37.4,,,,,,
70,5,Jake Billingsley,0.944047619,7.127380952,0.13245365,0.740296787,2.53495671,33,6,1,M,8/21/41,6/10/02,60.8,,,,,,
71,5,Penny Ramsey,0.944047619,6.127380952,0.154070332,0.852483031,3.166269841,30,7,1,F,,,,,,,,,
72,5,Ken Stafford,0.944047619,4.127380952,0.228728007,1.035745551,3.277380952,27,8,1,M,,,,,,,,,
73,5,Erin Collins,0.944047619,2.127380952,0.443760492,1.223760492,4.144047619,24,9,1,F,,,,,,,,,
74,5,Shii Ann Huang,0.43452381,1.877380952,0.231452124,0.885298278,1.93452381,21,10,1,F,,,,,,,,,
75,5,Robb Zbacnik,0.944047619,1.677380952,0.562810504,0.483445425,0.944047619,18,11,1,M,,,,,,,,,
76,5,Stephanie Dill,0.43452381,1.277380952,0.340167754,0.173501087,0.43452381,15,12,1,F,,,,,,,,,
77,5,Ghandia Johnson,0.333333333,1.077380952,0.309392265,0.563360519,1.37037037,12,13,1,F,,,,,,,,,
78,5,Jed Hildebrand,0.410714286,0.744047619,0.552,-0.073,0.410714286,9,14,1,M,,,,,,,,,
79,5,Tanya Vance,0,0.410714286,0,0.333333333,1.555555556,6,15,1,F,,,,,,,,,
80,5,John Raymond,0,0.125,0,-0.75,0,3,16,1,M,,,,,,,,,
81,6,Jenna Morasca,4.720238095,12.9297619,0.365067673,2.036551119,13.13582251,39,1,1,F,,,,,,,,,
82,6,Matt von Ertfelda,4.642857143,12.9297619,0.359082957,1.393368672,8.02,39,2,1,M,,,,,,,,,
83,6,Rob Cesternino,1.642857143,12.9297619,0.127060123,1.121426321,5.142857143,38,3,1,M,,,,,,,,,
84,6,Butch Lockley,0.876190476,11.9297619,0.073445764,0.766302907,3.053968254,37,4,1,M,,,,,,,,,
85,6,Heidi Strobel,0.953571429,10.9297619,0.087245398,0.859972671,4.06468254,36,5,1,F,,,,,,,,,
86,6,Christy Smith,0.810714286,8.929761905,0.090787895,0.572345272,1.887637363,33,6,1,F,,,,,,,,,
87,6,Alex Bell,1.976190476,7.929761905,0.24921183,0.947913129,3.976190476,30,7,1,M,,,,,,,,,
88,6,Deena Bennett,2.053571429,6.929761905,0.296340835,1.108840835,4.386904762,27,8,1,F,,,,,,,,,
89,6,Dave Johnson,2.20952381,4.929761905,0.448200918,0.808200918,3.142857143,24,9,1,M,,,,,,,,,
90,6,Roger Sexton,0.876190476,2.596428571,0.337459881,0.998750203,2.276190476,21,10,1,M,,,,,,,,,
91,6,Shawna Mitchell,0.720238095,1.596428571,0.451155854,0.689251092,1.653571429,18,11,1,F,,,,,,,,,
92,6,Jeanne Hebert,0.553571429,1.196428571,0.462686567,0.716654821,1.590608466,15,12,1,F,,,,,,,,,
93,6,JoAnna Ward,0.553571429,1.029761905,0.537572254,0.404238921,0.553571429,12,13,1,F,,,,,,,,,
94,6,Daniel Lue,0.142857143,0.696428571,0.205128205,-0.028205128,0.142857143,9,14,1,M,,,,,,,,,
95,6,Janet Koth,0.267857143,0.410714286,0.652173913,0.027173913,0.267857143,6,15,1,F,,,,,,,,,
96,6,Ryan Aiken,0,0.125,0,-0.5,0,3,16,1,M,,,,,,,,,
97,7,Sandra Diaz-Twine,0.967857143,13.87738095,0.069743502,1.745068177,11.83798701,39,1,1,F,7/30/74,6/23/03,28.9,,,,,,
98,7,Lillian Morris,2,12.74404762,0.156936011,1.105170875,4.493506494,30,2,1,F,,6/23/03,103.5,,,,,,
99,7,Jonny Fairplay,2.277380952,13.87738095,0.164107403,0.973804373,4.36002558,38,3,1,M,,6/23/03,103.5,,,,,,
100,7,Darrah Johnson,4.1,13.94404762,0.294032272,0.985460843,6.06,37,4,1,F,,6/23/03,103.5,,,,,,
101,7,Burton Roberts,4.444047619,11.34404762,0.391751495,1.078564682,5.872619048,30,5,1,M,,6/23/03,103.5,,,,,,
102,7,Christa Hastie,0.967857143,10.07738095,0.096042528,0.861854494,2.947655123,33,6,1,F,,6/23/03,103.5,,,,,,
103,7,Tijuana Bradley,0.966666667,8.810714286,0.109714903,0.811013605,3.188888889,30,7,1,F,,6/23/03,103.5,,,,,,
104,7,Rupert Boneham,3.477380952,6.744047619,0.515622242,1.323029649,5.598593074,27,8,1,M,1/27/64,6/23/03,39.4,,,,,,
105,7,Ryan Opray,0.966666667,5.310714286,0.182021968,0.742021968,2.366666667,24,9,1,M,,6/23/03,103.5,,,,,,
106,7,Andrew Savage,0.766666667,3.110714286,0.246460008,0.948072911,2.866666667,21,10,1,M,,6/23/03,103.5,,,,,,
107,7,Osten Taylor*,0.766666667,2.110714286,0.36322617,1.045918478,2.675757576,19,11,1,M,,6/23/03,103.5,,,,,,
108,7,Shawn Cohen,0.910714286,2.044047619,0.445544554,1.145544554,3.244047619,19,12,1,M,,6/23/03,103.5,,,,,,
109,7,Trish Dunn,1.110714286,2.010714286,0.552397869,1.152397869,3.444047619,19,13,1,F,,6/23/03,103.5,,,,,,
110,7,Michelle Tesauro,0.744047619,1.644047619,0.452570601,0.238284887,0.744047619,16,14,1,F,,6/23/03,103.5,,,,,,
111,7,Ryan Shoulders,0.166666667,0.577380952,0.288659794,0.588659794,1.566666667,7,15,1,M,,6/23/03,103.5,,,,,,
112,7,Nicole Delma,0.166666667,0.291666667,0.571428571,-0.303571429,0.166666667,4,16,1,F,,6/23/03,103.5,,,,,,
22,8,Amber Brkich,2.701190476,12.80952381,0.210873606,1.767302177,8.929761905,39,1,2,F,,11/3/03,103.8,,,,,,
58,8,Boston Rob Mariano,7.067857143,12.80952381,0.551765799,1.977733061,15.23928571,39,2,2,M,,11/3/03,103.8,,,,,,
8,8,Jenna Lewis,1.48452381,11.89285714,0.124824825,1.114824825,4.98452381,38,3,2,F,7/16/77,11/3/03,26.3,,,,,,
104,8,Rupert Boneham,3.48452381,10.89285714,0.31989071,1.05989071,6.10952381,37,4,2,M,1/27/64,11/3/03,39.8,,,,,,
36,8,Big Tom Buchanan,2.242857143,9.80952381,0.228640777,1.045713947,5.15952381,36,5,2,M,10/30/55,11/3/03,48.0,,,,,,
74,8,Shii Ann Huang,1.583333333,8.80952381,0.17972973,0.917710499,3.916666667,33,6,2,F,,11/3/03,103.8,,,,,,
25,8,Alicia Callaway,1.667857143,7.80952381,0.213567073,0.90523374,3.576948052,30,7,2,F,,11/3/03,103.8,,,,,,
51,8,Kathy Vavrick-O'Brien,1.725,4.80952381,0.358663366,0.923369249,3.405,28,8,2,F,1/6/54,11/3/03,49.8,,,,,,
35,8,Lex Van den Berghe,0.808333333,4.55952381,0.177284595,0.932123305,2.84469697,27,9,2,M,6/18/63,11/3/03,40.4,,,,,,
24,8,Jerri Manthey,0.741666667,2.642857143,0.280630631,1.078610429,2.862878788,24,10,2,F,,11/3/03,103.8,,,,,,
33,8,Ethan Zohn,0.741666667,2.442857143,0.303606238,0.660749095,1.861666667,21,11,2,M,11/12/73,11/3/03,30.0,,,,,,
18,8,Colby Donaldson,0.808333333,1.95952381,0.412515188,0.745848522,2.558333333,19,12,2,M,4/1/74,11/3/03,29.6,,,,,,
4,8,Sue Hawk*,0.63452381,1.626190476,0.390190337,0.620959568,1.907251082,17,13,2,F,8/17/61,11/3/03,42.2,,,,,,
1,8,Richard Hatch,0.558333333,1.626190476,0.343338214,-0.513804643,0.558333333,15,14,2,M,4/8/61,11/3/03,42.6,,,,,,
83,8,Rob Cesternino,0.783333333,1.233333333,0.635135135,-0.198198198,0.783333333,12,15,2,M,,11/3/03,103.8,,,,,,
81,8,Jenna Morasca*,0.266666667,0.733333333,0.363636364,-0.636363636,0.266666667,9,16,2,F,,11/3/03,103.8,,,,,,
3,8,Rudy Boesch,0.2,0.566666667,0.352941176,0.71657754,2.2,6,17,2,M,1/20/28,11/3/03,75.8,,,,,,
17,8,Tina Wesson,0,0.166666667,0,-0.666666667,0,3,18,2,F,12/26/61,11/3/03,41.9,,,,,,
113,9,Chris Daugherty,4.819047619,15.24087302,0.316192361,1.860686408,11.9047619,39,1,1,M,8/29/70,6/26/04,33.8,,,,,,
114,9,Twila Tanner,2.340873016,14.24087302,0.164377072,1.441758025,7.691522367,39,2,1,F,10/12/62,6/26/04,41.7,,,,,,
115,9,Scout Cloud Lee,0.796825397,14.24087302,0.055953409,0.961635227,2.363258963,38,3,1,F,11/8/44,6/26/04,59.6,,,,,,
116,9,Eliza Orlins,4.171825397,13.24087302,0.315071778,1.031987773,5.727380952,37,4,1,F,12/25/82,6/26/04,21.5,,,,,,
117,9,Julie Berry,2.340873016,12.24087302,0.191234156,0.629142652,4.155687831,36,5,1,F,12/15/80,6/26/04,23.5,,,,,,
118,9,Ami Cusack,3.671825397,10.24087302,0.358546131,1.123625496,5.713492063,33,6,1,F,,6/26/04,104.5,,,,,,
119,9,Leann Slaby,1.921825397,8.240873016,0.23320653,1.09258153,3.376370851,30,7,1,F,7/8/69,6/26/04,35.0,,,,,,
120,9,Chad Crittenden,1.319047619,7.240873016,0.182166932,0.736051643,3.016017316,27,8,1,M,,6/26/04,104.5,,,,,,
121,9,Lea Sarge Masters,2.069047619,5.990873016,0.345366629,0.988223772,3.365343915,24,9,1,M,3/28/64,6/26/04,40.2,,,,,,
122,9,Rory Freeman,0.65,3.990873016,0.162871632,0.946559575,1.427777778,21,10,1,M,10/30/68,6/26/04,35.7,,,,,,
123,9,John Kenney,1.869047619,2.790873016,0.669699986,0.878033319,3.619047619,18,11,1,M,9/26/81,6/26/04,22.7,,,,,,
124,9,Lisa Keiffer,0.521825397,1.390873016,0.375178317,0.841844983,2.621825397,15,12,1,F,,6/26/04,104.5,,,,,,
125,9,Bubba Sampson,0.25,2.057539683,0.121504339,0.823117243,0.25,12,13,1,M,2/19/71,6/26/04,33.3,,,,,,
126,9,Brady Finta,0.25,1.771825397,0.141097424,0.057764091,0.25,10,14,1,M,12/17/70,6/26/04,33.5,,,,,,
127,9,Mia Galeotalanza,0.236111111,0.486111111,0.485714286,0.338655462,0.236111111,7,15,1,F,,6/26/04,104.5,,,,,,
128,9,John Palyok,0.25,1.486111111,0.168224299,0.021165476,0.25,7,16,1,M,5/13/73,6/26/04,31.1,,,,,,
129,9,Dolly Neely,0.236111111,0.361111111,0.653846154,0.098290598,0.236111111,6,17,1,F,,6/26/04,104.5,,,,,,
130,9,Brook Geraghty,0,0.111111111,0,-0.555555556,0,3,18,1,M,,6/26/04,104.5,,,,,,
131,10,Tom Westman,6.662301587,13.5968254,0.489989493,2.204275208,17.80515873,39,1,1,F,6/24/77,3/13/00,22.7,,,,,,
132,10,Katie Gallagher,1.003968254,13.5968254,0.073838431,1.212528907,7.461111111,39,2,1,F,8/17/61,3/13/00,38.6,,,,,,
133,10,Ian Rosenberger,5.495634921,13.5968254,0.404185151,1.387924988,8.995634921,38,3,1,F,12/6/76,3/13/00,23.3,,,,,,
134,10,Jenn Lyon,1.186111111,12.5968254,0.094159526,0.75249286,4.297222222,37,4,1,F,7/16/77,3/13/00,22.7,,,,,,
135,10,Caryn Groedel,1.295634921,11.5968254,0.111723241,0.872834352,3.331998557,36,5,1,F,2/7/62,3/13/00,38.1,,,,,,
136,10,Gregg Carey,2.995634921,9.596825397,0.312148528,1.029890463,5.620634921,33,6,1,M,1/9/77,11/1/04,27.8,,,,,,
137,10,Stephenie LaGrossa,0.517857143,7.596825397,0.068167572,0.719508568,2.073412698,30,7,1,F,12/6/79,11/1/04,24.9,,,,,,
138,10,Janu Tornell*,1.236111111,6.596825397,0.187379692,0.40532841,1.954059829,27,8,1,F,,11/1/04,39,,,,,,
139,10,Coby Archa,1.578968254,5.346825397,0.295309485,0.60086504,2.851695527,24,9,1,M,9/8/72,11/1/04,32.1,,,,,,
140,10,Bobby Jon Drinkard,0.517857143,4.346825397,0.119134563,0.826617556,3.851190476,21,10,1,M,5/10/77,11/1/04,27.5,,,,,,
141,10,Ibrehem Rahman,0.517857143,3.346825397,0.154730851,0.569696838,2.017857143,15,11,1,M,3/4/77,11/1/04,27.7,,,,,,
142,10,James Miller,0.517857143,2.68015873,0.193218833,0.838517979,2.591931217,15,12,1,M,7/8/71,11/1/04,33.3,,,,,,
143,10,Angie Jakusz,0.267857143,2.18015873,0.122861303,0.894289875,2.756746032,12,13,1,F,3/27/80,11/1/04,24.6,,,,,,
144,10,Willard Smith,0.545634921,2.18015873,0.250273025,-0.638615864,0.545634921,12,14,1,M,11/30/47,11/1/04,56.9,,,,,,
145,10,Kim Mullen,0.267857143,1.98015873,0.135270541,0.818603874,2.017857143,11,15,1,F,3/13/79,11/1/04,25.6,,,,,,
146,10,Jeff Wilson,0.267857143,1.646825397,0.162650602,0.759872825,2.341931217,8,16,1,M,2/9/83,11/1/04,21.7,,,,,,
147,10,Ashlee Ashby,0.125,1.361111111,0.091836735,0.415366146,1.525,6,17,1,F,5/2/82,11/1/04,22.5,,,,,,
148,10,Jolanda Jones,1,1.111111111,0.9,0.233333333,1,3,18,1,F,11/6/65,11/1/04,39.0,,,,,,
149,10,Wanda Shirk,0,1,0,0,0,2,19,1,F,8/24/49,11/1/04,55.2,,,,,,
150,10,Jonathan Libby,0,1,0,0,0,2,20,1,M,9/5/81,11/1/04,23.2,,,,,,
151,11,Danni Boatwright,3.346825397,12.96746032,0.258094131,1.94748807,13.15634921,39,1,1,F,7/13/75,6/27/05,30.0,,,,,,
137,11,Stephenie LaGrossa,1.870634921,13.96746032,0.133928064,1.274540538,7.394444444,39,2,2,F,12/6/79,6/27/05,25.6,,,,,,
152,11,Rafe Judkins,4.620634921,13.96746032,0.330814251,1.328569582,9.287301587,39,3,1,M,1/8/83,6/27/05,22.5,,,,,,
153,11,Lydia Morales,0.253968254,12.96746032,0.019585042,0.917452606,2.072150072,39,4,1,F,1/19/63,6/27/05,42.4,,,,,,
154,11,Cindy Hall,3.120634921,11.96746032,0.260759997,0.917764828,4.987301587,36,5,1,F,6/28/74,6/27/05,31.0,,,,,,
155,11,Judd Sergeant,2.370634921,9.967460317,0.237837407,0.978071782,4.703968254,33,6,1,M,9/13/70,6/27/05,34.8,,,,,,
156,11,Gary Hogeboom,1.846825397,7.967460317,0.231795996,0.885580215,3.402380952,30,7,1,M,8/21/58,6/27/05,46.9,,,,,,
157,11,Jamie Newton,1.620634921,6.967460317,0.232600524,1.065530306,3.334920635,27,8,1,M,1/26/81,6/27/05,24.4,,,,,,
140,11,Bobby Jon Drinkard,1.096825397,4.717460317,0.232503365,0.870184524,2.652380952,24,9,2,M,5/10/77,6/27/05,28.1,,,,,,
158,11,Brandon Bellinger,1.096825397,2.717460317,0.403621495,0.971189063,2.776825397,21,10,1,M,1/22/83,6/27/05,22.4,,,,,,
159,11,Amy O'Hara,0.596825397,1.717460317,0.347504621,1.124647478,3.396825397,18,11,1,F,11/2/65,6/27/05,39.6,,,,,,
160,11,Brian Corridan,0.396825397,1.317460317,0.301204819,0.992871486,2.305916306,15,12,1,M,2/10/83,6/27/05,22.4,,,,,,
161,11,Margaret Bobonich,0.920634921,2.317460317,0.397260274,0.633371385,1.769119769,15,13,1,F,6/5/62,6/27/05,43.1,,,,,,
162,11,Blake Towsley,0.896825397,1.150793651,0.779310345,1.123060345,2.452380952,14,14,1,M,5/5/81,6/27/05,24.1,,,,,,
163,11,Brooke Struck,0.611111111,0.865079365,0.706422018,1.059363195,2.166666667,11,15,1,F,7/30/79,6/27/05,25.9,,,,,,
164,11,Brianna Varela,0.111111111,0.722222222,0.153846154,0.447963801,1.383838384,8,16,1,F,10/29/83,6/27/05,21.7,,,,,,
165,11,Morgan McDevitt,0.111111111,0.472222222,0.235294118,-0.653594771,0.111111111,6,17,1,F,11/24/83,6/27/05,21.6,,,,,,
166,11,Jim Lynch,0.111111111,0.222222222,0.5,-0.388888889,0.111111111,3,18,1,M,1/7/42,6/27/05,63.5,,,,,,
167,12,Aras Baskauskas,3.27202381,13.67142857,0.239332985,1.683529414,9.173122711,39,1,1,M,9/26/81,10/31/05,24.1,,,,,,
168,12,Danielle DiLorenzo,2.25952381,15.17142857,0.148932831,1.426849846,7.473809524,39,2,1,F,6/3/81,10/31/05,24.4,,,,,,
169,12,Terry Deitz,9.836904762,15.17142857,0.648383553,1.090944758,12.32579365,38,3,1,M,10/10/59,10/31/05,46.1,,,,,,
170,12,Cirie Fields,1.70952381,11.67142857,0.146470828,0.91869305,4.820634921,36,4,1,F,7/18/70,10/31/05,35.3,,,,,,
171,12,Shane Powers,1.001190476,9.671428571,0.103520433,0.65022373,2.231959707,33,5,1,M,11/28/70,10/31/05,34.9,,,,,,
172,12,Courtney Marit,1.30952381,8.671428571,0.151015925,0.970164861,4.226190476,30,6,1,F,5/24/74,10/31/05,31.4,,,,,,
173,12,Bruce Kanegai*,1.58452381,6.052380952,0.261801731,0.817899292,2.876831502,25,7,1,M,12/17/47,10/31/05,57.9,,,,,,
174,12,Sally Schumann,1.461904762,5.338095238,0.273862623,0.433862623,1.928571429,24,8,1,F,12/10/78,10/31/05,26.9,,,,,,
175,12,Austin Carty,0.941071429,4.588095238,0.205111572,0.766222684,2.468344156,21,9,1,M,4/29/81,10/31/05,24.5,,,,,,
176,12,Nick Stanbury,0.691071429,2.754761905,0.250864304,0.945308749,2.791071429,18,10,1,M,7/21/80,10/31/05,25.3,,,,,,
177,12,Dan Barry,0.753571429,1.754761905,0.429443691,0.703953495,2.086904762,15,11,1,M,12/30/53,10/31/05,51.8,,,,,,
178,12,Bob Dawg Mason,0.57202381,1.554761905,0.367917305,0.760774448,2.57202381,14,12,1,M,8/21/72,10/31/05,33.2,,,,,,
179,12,Ruth Marie Milliman,0.553571429,1.654761905,0.334532374,0.883551982,2.420238095,11,13,1,F,4/11/57,10/31/05,48.6,,,,,,
180,12,Misty Giles,0.678571429,0.821428571,0.826086957,0.111801242,0.678571429,8,14,1,F,2/25/81,10/31/05,24.7,,,,,,
181,12,Melinda Hyder,0,0.535714286,0,0.272727273,1.555555556,6,15,1,F,5/23/73,10/31/05,32.4,,,,,,
182,12,Tina Scheer,0,0.25,0,-0.75,0,3,16,1,F,11/17/60,10/31/05,45.0,,,,,,
183,13,Yul Kwon,2.417857143,10.57063492,0.228733388,1.77532837,8.862301587,39,1,1,M,2/14/75,6/26/06,31.4,,,,,,
184,13,Ozzy Lusth,7.817857143,10.57063492,0.739582551,1.982534458,14.96452381,39,2,1,M,8/23/81,6/26/06,24.8,,,,,,
185,13,Becky Lee,2.167857143,10.57063492,0.205082964,1.196122391,5.278968254,39,3,1,F,9/11/77,6/26/06,28.8,,,,,,
186,13,Sundra Oakley,1.580357143,10.57063492,0.149504467,0.940549243,3.820357143,38,4,1,F,1/2/75,6/26/06,31.5,,,,,,
187,13,Adam Gentry,1.452777778,9.570634921,0.15179534,0.782405236,3.432575758,37,5,1,M,8/21/78,6/26/06,27.8,,,,,,
188,13,Parvati Shallow,2.202777778,8.570634921,0.257014538,0.951609133,4.652777778,36,6,1,F,9/21/82,6/26/06,23.8,,,,,,
189,13,Jonathan Penner,1.017857143,6.570634921,0.154910013,1.019289098,2.327798663,33,7,1,M,3/5/62,6/26/06,44.3,,,,,,
190,13,Candice Woodcock,1.017857143,4.570634921,0.222694912,0.92080812,3.017857143,30,8,1,F,11/12/82,6/26/06,23.6,,,,,,
191,13,Nate Gonzalez,0.465277778,3.570634921,0.130306735,0.5451419,1.798611111,27,9,1,M,7/26/80,6/26/06,25.9,,,,,,
192,13,Jenny Guzon-Bae,0.602777778,2.570634921,0.234485952,1.045092013,2.936111111,24,10,1,F,5/8/70,6/26/06,36.1,,,,,,
193,13,Rebecca Borman,0.465277778,2.570634921,0.180997221,0.991074741,2.798611111,24,11,1,F,8/31/71,6/26/06,34.8,,,,,,
194,13,Brad Virata,0.852777778,2.070634921,0.411843618,0.855392005,2.125505051,21,12,1,M,11/23/76,6/26/06,29.6,,,,,,
195,13,Jessica 'Flica' Smith,0.817857143,1.570634921,0.520717534,0.767094346,1.751190476,18,13,1,F,1/22/79,6/26/06,27.4,,,,,,
196,13,Cristina Coria,0.336111111,1.203968254,0.279169413,0.984526556,2.669444444,15,14,1,F,4/18/71,6/26/06,35.2,,,,,,
197,13,Anh-Tuan 'Cao Boi' Bui,0.825,1.203968254,0.685234015,0.997734015,2.225,15,15,1,M,4/10/64,6/26/06,42.2,,,,,,
198,13,Stephannie Favor,0.298611111,1.061111111,0.281413613,0.811716643,1.734508547,14,16,1,F,7/12/70,6/26/06,36.0,,,,,,
199,13,J.P. Calderon,0.211111111,0.811111111,0.260273973,0.510273973,1.483838384,11,17,1,M,9/5/75,6/26/06,30.8,,,,,,
200,13,Cecilia Mansilla,0.1,0.561111111,0.178217822,0.447448591,1.5,8,18,1,F,1/13/77,6/26/06,29.4,,,,,,
201,13,Billy Garcia,0.1,0.45,0.222222222,-0.577777778,0.1,6,19,1,M,4/22/70,6/26/06,36.2,,,,,,
202,13,Sekou Bunch,0,0.2,0,-0.6,0,3,20,1,M,9/9/60,6/26/06,45.8,,,,,,
203,14,Earl Cole,1.183333333,10.72698413,0.110313702,1.997438923,12.16111111,39,1,1,M,4/9/71,2/8/07,35.8,,,,,,
204,14,Cassandra Franklin,2.620238095,10.71309524,0.244582731,0.943670877,4.842460317,39,2,1,F,4/19/64,2/8/07,42.8,,,,,,
205,14,Dreamz Herd,2.821428571,10.71309524,0.263362596,1.078909368,6.63961039,39,2,1,M,12/15/81,2/8/07,25.1,,,,,,
206,14,Yau-Man Chan,4.441666667,11.72698413,0.378756091,1.171713837,6.930555556,38,4,1,M,8/26/52,2/8/07,54.5,,,,,,
207,14,Boo Bernis,5.296428571,10.71309524,0.494388265,1.141675087,7.370502646,37,5,1,M,6/21/72,2/8/07,34.6,,,,,,
208,14,Stacy Kimball,3.346428571,9.713095238,0.344527516,0.995690306,5.679761905,36,6,1,F,10/1/79,2/8/07,27.4,,,,,,
209,14,Alex Angarita,1.446428571,7.379761905,0.195999355,0.925166021,3.061813187,33,7,1,M,4/20/78,2/8/07,28.8,,,,,,
210,14,Mookie Lee,0.166666667,5.393650794,0.03090053,0.522449825,1.566666667,30,8,1,M,11/10/81,2/8/07,25.2,,,,,,
211,14,Edgardo Rivera,1.396428571,4.129761905,0.338137792,1.108726027,3.88531746,27,9,1,M,10/5/78,2/8/07,28.3,,,,,,
212,14,Michelle Yi,0.733333333,2.143650794,0.34209552,0.925879304,3.133333333,24,10,1,F,12/2/83,2/8/07,23.2,,,,,,
213,14,Lisi Linares,0.928571429,1.763095238,0.526671168,1.070530817,2.625541126,21,11,1,F,6/9/70,2/8/07,36.7,,,,,,
214,14,Rocky Reid,0.166666667,1.543650794,0.107969152,0.589029758,1.722222222,19,12,1,M,9/11/78,2/8/07,28.4,,,,,,
215,14,Anthony Robinson,0,1.21031746,0,0.547368421,1.2,16,13,1,M,6/25/74,2/8/07,32.6,,,,,,
216,14,Rita Verreos,0,1.043650794,0,0.453125,1.4,14,14,1,F,7/19/68,2/8/07,38.6,,,,,,
217,14,Liliana Gomez,0.744047619,0.744047619,1,0.25,0.744047619,11,15,1,F,4/5/81,2/8/07,25.8,,,,,,
218,14,Gary Stritesky*,0.458333333,0.601190476,0.762376238,-0.237623762,0.458333333,10,16,1,M,9/16/51,2/8/07,55.4,,,,,,
219,14,Sylvia Kwan,0,0.361111111,0,0.3125,1.4,8,17,1,F,8/18/54,2/8/07,52.5,,,,,,
220,14,Erica Durousseau,0,0.222222222,0,-0.176470588,0,6,18,1,F,12/11/79,2/8/07,27.8,,,,,,
221,14,Jessica DeBen,0,0.111111111,0,-0.666666667,0,3,19,1,F,4/25/79,2/8/07,27.8,,,,,,
222,15,Todd Herzog,1.325,13.30119048,0.099615144,1.66236316,7.86468254,39,1,1,M,1/29/85,6/25/07,22.4,,,,,,
223,15,Courtney Yates,1.68452381,13.30119048,0.12664459,1.190136653,8.843253968,39,2,1,F,3/26/81,6/25/07,26.2,,,,,,
224,15,Amanda Kimmel,4.267857143,13.30119048,0.320862794,1.463719937,12.125,39,3,1,F,8/3/84,6/25/07,22.9,,,,,,
225,15,Denise Martin,2.967857143,13.30119048,0.223127182,0.995696626,6.078968254,39,4,1,F,5/5/67,6/25/07,40.1,,,,,,
226,15,Peih-Gee Law,3.583333333,11.30119048,0.31707574,0.805808134,4.75,36,5,1,F,4/7/78,6/25/07,29.2,,,,,,
227,15,Erik Huffman,1.833333333,9.301190476,0.197107385,0.855356543,3.907407407,33,6,1,M,1/31/81,6/25/07,26.4,,,,,,
228,15,James Clement,1.267857143,7.301190476,0.173650742,0.808402515,2.703754579,30,7,1,M,3/9/77,6/25/07,30.3,,,,,,
229,15,Frosti Zernow,2.033333333,5.301190476,0.383561644,1.222522683,4.215151515,27,8,1,M,2/15/87,6/25/07,20.4,,,,,,
230,15,Jean-Robert Bellande,1.301190476,4.051190476,0.321187188,0.982951894,2.613690476,24,9,1,M,9/17/70,6/25/07,36.8,,,,,,
231,15,Jaime Dugan,0.583333333,2.801190476,0.208244794,0.969355905,2.61969697,21,10,1,F,6/30/85,6/25/07,22.0,,,,,,
232,15,Sherea Lloyd,0.783333333,1.801190476,0.434897555,1.131326126,2.883333333,18,11,1,F,7/31/81,6/25/07,25.9,,,,,,
233,15,Aaron Reisberger,0.967857143,1.301190476,0.743824337,1.128439721,2.967857143,15,12,1,M,4/25/75,6/25/07,32.2,,,,,,
234,15,Dave Cruser,0.333333333,1.101190476,0.302702703,0.540797941,1.266666667,12,13,1,M,10/26/69,6/25/07,37.7,,,,,,
235,15,Leslie Nease,0.267857143,0.767857143,0.348837209,-0.401162791,0.267857143,9,14,1,F,3/25/69,6/25/07,38.3,,,,,,
236,15,Ashley Massaro,0,0.43452381,0,-0.266666667,0,6,15,1,F,5/26/79,6/25/07,28.1,,,,,,
237,15,Chicken Morris,0,0.125,0,-0.625,0,3,16,1,M,9/2/59,6/25/07,47.8,,,,,,
188,16,Parvati Shallow,2.174603175,12.05238095,0.180429343,1.796657413,9.424603175,39,1,2,F,9/21/82,,,,,,,,
224,16,Amanda Kimmel,2.888888889,12.05238095,0.239694455,1.537771378,11.60042735,39,2,2,F,8/3/84,,,,,,,,
170,16,Cirie Fields,0.638888889,11.80238095,0.054132204,0.96782268,4.305555556,38,3,2,F,7/18/70,,,,,,,,
238,16,Natalie Bolton,1.020634921,12.05238095,0.084683261,0.703104314,3.520634921,37,4,1,F,,,,,,,,,
239,16,Erik Reichenbach,4.627777778,10.05238095,0.460366335,1.088674736,6.247612489,36,5,1,M,,,,,,,,,
240,16,Alexis Jones,1.913492063,7.802380952,0.245244634,0.73830019,4.246825397,33,6,1,F,,,,,,,,,
228,16,James Clement*,1.424603175,7.052380952,0.202003151,0.67055661,2.424603175,31,7,2,M,3/9/77,,,,,,,,
241,16,Jason Siska,2.413492063,6.052380952,0.398767375,0.563984766,2.88015873,30,8,1,M,,,,,,,,,
184,16,Ozzy Lusth,0.888888889,4.802380952,0.185093373,1.042515248,2.773504274,27,9,2,M,8/23/81,,,,,,,,
116,16,Eliza Orlins,1.424603175,3.802380952,0.374660822,0.949373466,2.98015873,24,10,2,F,,,,,,,,,
118,16,Ami Cusack,0.638888889,2.802380952,0.227980742,0.879832594,2.972222222,21,11,2,F,,,,,,,,,
242,16,Tracy Hughes-Wolf,0.377777778,2.552380952,0.14800995,0.71300995,1.905050505,20,12,1,F,,,,,,,,,
243,16,Kathy Sleckman**,1.746825397,2.385714286,0.732202262,1.309125339,3.443795094,19,13,1,F,,,,,,,,,
244,16,Chet Welch,0.211111111,2.219047619,0.095135908,0.756900614,1.523611111,17,14,1,M,,,,,,,,,
189,16,Jonathan Penner*,0.865079365,2.076190476,0.416666667,0.651234568,1.642857143,15,15,2,M,,,,,,,,,
245,16,Joel Anderson,0.211111111,1.933333333,0.109195402,0.368454662,1.144444444,14,16,1,M,,,,,,,,,
246,16,Mikey Bortone,0.211111111,1.683333333,0.125412541,-0.032482196,0.211111111,11,17,1,M,,,,,,,,,
206,16,Yau-Man Chan,1.222222222,1.433333333,0.852713178,1.194818441,2.622222222,8,18,2,M,,,,,,,,,
247,16,Mary Sartain,0.1,1.211111111,0.082568807,-0.517431193,0.1,6,19,1,F,11/11/78,,,,,,,,
99,16,Jonny Fairplay,0,1.1,0,-0.9,0,3,20,2,M,,,,,,,,,
248,17,Bob Crowley,6.642460317,11.40198413,0.582570563,1.705850987,12.66362434,39,1,1,M,2/25/51,6/23/08,57.3,,,,,,
249,17,Susie Smith,3.104761905,11.40198413,0.272300143,1.590577454,7.967099567,39,2,1,F,10/24/60,6/23/08,47.7,,,,,,
250,17,Sugar' Kiper,1.130555556,11.25912698,0.100412364,1.100412364,8.130555556,39,3,1,F,2/22/79,6/23/08,29.3,,,,,,
251,17,Matty Whitmore,0.75952381,11.40198413,0.066613302,0.894802602,3.352116402,38,4,1,M,12/18/78,6/23/08,29.5,,,,,,
252,17,Ken Hoang,1.142857143,10.40198413,0.109869149,0.852755328,3.051948052,37,5,1,M,10/10/85,6/23/08,22.7,,,,,,
253,17,Crystal Cox,0.642857143,9.401984127,0.068374625,0.964478522,2.33982684,36,6,1,F,3/28/79,6/23/08,29.2,,,,,,
254,17,Corinne Kaplan,1.142460317,7.401984127,0.154345146,0.534345146,2.542460317,33,7,1,F,1/17/79,6/23/08,29.4,,,,,,
255,17,Randy Bailey,1.721428571,5.068650794,0.339622642,0.715232398,2.965873016,30,8,1,M,3/31/59,6/23/08,49.2,,,,,,
256,17,Charlie Herschel,1.559126984,4.068650794,0.383204916,0.983204916,3.633201058,27,9,1,M,5/12/79,6/23/08,29.1,,,,,,
257,17,Marcus Lehman,2.309126984,2.818650794,0.819231311,1.104945596,3.642460317,27,10,1,M,10/3/79,6/23/08,28.7,,,,,,
258,17,Dan Kay,1.271428571,2.618650794,0.48552811,1.096639221,3.604761905,21,11,1,M,6/30/76,6/23/08,32.0,,,,,,
259,17,Ace Gordon,0.347222222,2.618650794,0.132595848,0.703184083,2.213888889,21,12,1,M,9/3/80,6/23/08,27.8,,,,,,
260,17,Kelly Czarnecki,0.347222222,1.418650794,0.244755245,0.675789728,1.513888889,18,13,1,F,4/4/86,6/23/08,22.2,,,,,,
261,17,Danny 'GC' Brown,0.30952381,1.08531746,0.285191956,0.986804859,2.40952381,15,14,1,M,7/13/82,6/23/08,25.9,,,,,,
262,17,Jacquie Berg,0.347222222,0.799603175,0.434243176,0.777993176,1.902777778,12,15,1,F,9/10/82,6/23/08,25.8,,,,,,
263,17,Paloma Soto-Castillo,0.222222222,0.656746032,0.33836858,-0.439409198,0.222222222,9,16,1,F,8/24/84,6/23/08,23.8,,,,,,
264,17,Gillian Larson,0,0.347222222,0,0.264705882,1.166666667,6,17,1,F,2/24/47,6/23/08,61.3,,,,,,
265,17,Michelle Chase,0,0.222222222,0,-0.888888889,0,3,18,1,F,3/7/84,6/23/08,24.3,,,,,,
266,18,J.T. Thomas,5.378571429,12.36719048,0.434906492,2.25308831,17.10584416,39,1,1,M,,,,,,,,,
267,18,Stephen Fishbach,2.595238095,12.36719048,0.209848639,1.208310178,8.195238095,39,2,1,M,,,,,,,,,
268,18,Erinn Lobdell,0.908333333,12.36719048,0.073447024,0.812083387,3.241666667,38,3,1,F,,,,,,,,,
269,18,Taj' Johnson-George,0.795238095,11.36719048,0.069959072,0.759189841,2.577056277,37,4,1,F,,,,,,,,,
270,18,Coach Wade,1.858333333,10.36719048,0.179251393,0.733537107,3.458333333,36,5,1,M,,,,,,,,,
271,18,Debbie Beebe,2.241666667,8.367190476,0.267911514,0.912355958,4.108333333,33,6,1,F,,,,,,,,,
272,18,Sierra Reed,0.858333333,7.367190476,0.116507553,0.660097296,1.978333333,30,7,1,F,,,,,,,,,
273,18,Tyson Apostol,3.108333333,5.367190476,0.57913602,1.04007352,4.663888889,27,8,1,M,,,,,,,,,
274,18,Brendan Synnott,1.191666667,4.117190476,0.289436856,0.900547967,3.525,24,9,1,M,,,,,,,,,
275,18,Joe Dowdle*,0.795238095,2.783857143,0.285660526,0.824549415,1.915238095,21,10,1,M,,,,,,,,,
276,18,Sydney Wheeler,0.595238095,1.783857143,0.333680361,1.045218822,3.220238095,18,11,1,F,5/11/84,,,,,,,,
277,18,Spencer Duhm,0.595238095,1.383857143,0.430129727,1.017431314,2.669312169,15,12,1,M,,,,,,,,,
278,18,Sandy Burgin,0.428571429,1.053857143,0.406669378,0.706669378,1.828571429,12,13,1,F,,,,,,,,,
279,18,Jerry Sims,0.125,0.553857143,0.225689966,0.525689966,1.525,9,14,1,M,,,,,,,,,
280,18,Candace Smith,0.125,0.267857143,0.466666667,-0.408333333,0.125,6,15,1,F,,,,,,,,,
281,18,Carolina Eastwood,0,0.125,0,-0.875,0,3,16,1,F,,,,,,,,,
282,19,Natalie White,0.366666667,11.17777778,0.032803181,1.80727408,8.144444444,39,1,1,F,,,,,,,,,
283,19,Russell Hantz,1.825,11.30277778,0.161464733,1.382364204,7.825,39,2,1,M,,,,,,,,,
284,19,Mick Trimming,1.166666667,11.17777778,0.104373757,1.030299683,4.416666667,39,3,1,M,,,,,,,,,
285,19,Brett Clouser,3.977777778,11.01111111,0.361251261,0.957592725,6.377777778,38,4,1,M,,,,,,,,,
286,19,Jaison Robinson,2.625,10.13611111,0.258975062,1.17687447,4.97465035,37,5,1,M,,,,,,,,,
287,19,Shambo Waters,1.277777778,9.302777778,0.137354434,0.502080462,2.327777778,36,6,1,F,,,,,,,,,
288,19,Monica Padilla,1,7.677777778,0.13024602,0.686749219,2.454545455,33,7,1,F,,,,,,,,,
289,19,Dave Ball,1.311111111,6.844444444,0.191558442,0.820488447,2.477777778,31,8,1,M,,,,,,,,,
290,19,John Fincher,1.944444444,5.802777778,0.335088559,0.708165482,2.962626263,30,9,1,M,,,,,,,,,
291,19,Laura Morett,2.944444444,4.677777778,0.629453682,1.100383914,4.5,27,10,1,F,,,,,,,,,
292,19,Kelly Sharbaugh,0.944444444,3.477777778,0.271565495,0.897828121,3.277777778,24,11,1,F,,,,,,,,,
293,19,Erik Cardona,0.944444444,2.402777778,0.393063584,0.665790857,1.944444444,21,12,1,M,,,,,,,,,
294,19,Liz Kim,0.291666667,1.402777778,0.207920792,0.980143014,2.780555556,18,13,1,F,,,,,,,,,
295,19,Russell Swan*,0.877777778,1.044444444,0.840425532,1.103583427,1.954700855,15,14,1,M,,,,,,,,,
296,19,Ashley Trainer,0.166666667,0.877777778,0.189873418,0.867292773,1.782051282,14,15,1,F,,,,,,,,,
297,19,Yasmin Giles,0.211111111,0.669444444,0.315352697,-0.484647303,0.211111111,11,16,1,F,,,,,,,,,
298,19,Ben Browning,0,0.377777778,0,0.573333333,1.696969697,8,17,1,M,,,,,,,,,
299,19,Betsy Bolan,0,0.211111111,0,-0.194444444,0,6,18,1,F,,,,,,,,,
300,19,Mike Borassi *,0,0.211111111,0,0.263157895,1.076923077,5,19,1,M,,,,,,,,,
301,19,Marisa Calihan,0.125,0.225,0.555555556,-0.144444444,0.125,3,20,1,F,,,,,,,,,
97,20,Sandra Diaz-Twine,0.692857143,11.56071429,0.059932036,1.475662373,8.892857143,39,1,2,F,7/30/74,,,,,,,,
188,20,Parvati Shallow,3.710714286,11.56071429,0.320976213,1.483897561,8.627380952,39,2,3,F,9/21/82,,,,,,,,
24,20,Jerri Manthey,3.002380952,11.56071429,0.259705489,1.00596017,5.627380952,38,4,2,F,,,,,,,,,
283,20,Russell Hantz,2.677380952,11.56071429,0.231593039,1.143578058,5.529232804,39,3,3,M,,,,,,,,,
168,20,Danielle DiLorenzo,2.192857143,7.560714286,0.290033066,1.061804837,4.915079365,33,7,3,F,,,,,,,,,
190,20,Candice Woodcock,2.225,7.560714286,0.294284365,0.909956006,4.169444444,31,8,3,F,,,,,,,,,
58,20,Boston Rob Mariano,2.802380952,3.427380952,0.817645016,1.089249954,3.839417989,18,13,2,M,,,,,,,,,
266,20,J.T. Thomas,1.225,4.227380952,0.289777527,1.106444194,3.817592593,27,10,2,M,,,,,,,,,
170,20,Cirie Fields,0.225,0.717857143,0.313432836,0.943062465,2.891666667,11,17,3,F,,,,,,,,,
18,20,Colby Donaldson,1.558333333,10.56071429,0.147559463,0.594618287,2.715358127,37,5,2,M,4/1/74,,,,,,,,
224,20,Amanda Kimmel,1.558333333,5.560714286,0.280239777,0.827455274,2.701190476,30,9,2,F,,,,,,,,,
273,20,Tyson Apostol,0.65952381,2.027380952,0.32530828,0.746360911,2.65952381,15,15,2,M,,,,,,,,,
104,20,Rupert Boneham,1.225,9.560714286,0.128128502,0.715628502,2.425,36,6,3,M,1/27/64,,,,,,,,
131,20,Tom Westman,0.225,1.027380952,0.219003476,0.68223877,1.780555556,14,16,3,M,,,,,,,,,
228,20,James Clement,0.225,2.027380952,0.110980622,0.675980622,1.752272727,15,14,2,M,,,,,,,,,
270,20,Coach Wade,0.802380952,2.827380952,0.283789474,0.504377709,1.677380952,21,12,2,M,,,,,,,,,
138,20,Stephenie LaGrossa,0.1,0.325,0.307692308,0.649797571,1.5,6,19,3,F,12/6/79,,,,,,,,
223,20,Courtney Yates,0.567857143,3.227380952,0.175949834,0.530949834,1.429395604,24,11,2,F,,,,,,,,,
255,20,Randy Bailey,0.1,0.45,0.222222222,-0.677777778,0.1,8,18,3,M,3/31/59,,,,,,,,
250,20,Sugar Kiper,0.1,0.2,0.5,-0.4,0.1,3,20,2,F,2/22/79,,,,,,,,
302,21,Fabio Birza,4.878968254,11.6984127,0.417062415,1.570117971,11.01230159,39,1,1,M,,,,,,,,,
303,21,Chase Rice,3.262301587,11.6984127,0.278867028,1.722061473,11.52896825,39,2,1,M,,,,,,,,,
304,21,Sash Lenahan,1.678968254,11.6984127,0.143521031,1.042271031,6.718968254,39,3,1,M,,,,,,,,,
305,21,Holly Hoffman,1.833333333,12.21230159,0.150121852,0.980018759,4.75,38,4,1,F,,,,,,,,,
306,21,Dan Lembo,0.658333333,10.71230159,0.061455825,0.780293688,2.2247669,37,5,1,M,,,,,,,,,
307,21,Jane Bright,2.45,9.712301587,0.252257406,0.739757406,3.383333333,36,6,1,F,,,,,,,,,
308,21,Benry Henry,1.262301587,7.698412698,0.163969072,0.867265775,3.48452381,32,7,1,M,,,,,,,,,
309,21,Purple Kelly Shinn*,0.536111111,5.698412698,0.09408078,0.791050477,2.202777778,28,8,1,F,,,,,,,,,
310,21,NaOnka Mixon*,1.262301587,5.698412698,0.221518106,1.053074609,2.762301587,28,9,1,F,,,,,,,,,
311,21,Brenda Lowe,1.478968254,5.448412698,0.271449381,1.067426392,2.851517274,27,10,1,F,,,,,,,,,
312,21,Marty Piombo,0.45,4.262301587,0.105576762,0.646236103,1.338888889,24,11,1,M,,,,,,,,,
313,21,Alina Wilson,0.812301587,3.048412698,0.266467066,0.698899498,1.812301587,22,12,1,F,,,,,,,,,
314,21,Jill Behm,1.75,2.562301587,0.682979712,1.268693998,4.15,18,13,1,F,,,,,,,,,
315,21,Yve Rojas,0.25,1.728968254,0.144594905,0.711261571,1.777272727,15,14,1,F,,,,,,,,,
316,21,Kelly Bruno,0.336111111,1.715079365,0.195974086,0.612640753,2.336111111,15,15,1,F,,,,,,,,,
317,21,Tyrone Davis,0.25,0.728968254,0.342950463,1.05009332,2.35,14,16,1,M,,,,,,,,,
318,21,Jimmy Tarantino,0.125,0.478968254,0.26097763,0.865915902,2.199074074,11,17,1,M,,,,,,,,,
319,21,Jimmy Johnson,0.125,0.336111111,0.371900826,0.661374511,1.291666667,8,18,1,M,,,,,,,,,
320,21,Shannon Elkins,0.1,0.211111111,0.473684211,-0.226315789,0.1,6,19,1,M,,,,,,,,,
321,21,Wendy Jo DeSmidt-Kohlhoff,0,0.1,0,-0.9,0,3,20,1,F,,,,,,,,,
58,22,Boston Rob Mariano,4.642857143,11.0218254,0.421242124,2.228545932,12.56080586,39,1,4,M,,,,,,,,,
322,22,Natalie Tenerelli,1.642857143,11.0218254,0.149054905,1.071354828,6.812087912,39,3,1,F,,,,,,,,,
323,22,Ashley Underwood,2.642857143,11.0218254,0.239783978,1.083606822,6.027472527,38,4,1,F,,,,,,,,,
324,22,Matt Elrod,3.5,5.736111111,0.610169492,0.820046035,4.916666667,36,8,1,M,,,,,,,,,
325,22,Grant Mattos,2.642857143,9.521825397,0.277557825,1.085638633,4.279220779,36,6,1,M,,,,,,,,,
326,22,Mike Chiesl,1.878968254,5.521825397,0.340280273,0.988079015,3.995634921,36,7,1,M,,,,,,,,,
327,22,Andrea Boehlke,2.142857143,10.0218254,0.213819046,0.841091773,3.638486513,37,5,1,F,,,,,,,,,
328,22,Phillip Sheppard,0.642857143,11.0218254,0.058325833,1.079304854,2.54029304,39,2,1,M,,,,,,,,,
329,22,Sarita White,0.378968254,1.521825397,0.249022164,0.699022164,1.778968254,19,13,1,F,,,,,,,,,
330,22,Julie Wolfe,0.378968254,5.521825397,0.068630974,0.433214307,1.428968254,28,11,1,F,,,,,,,,,
331,22,Steve Wright,0.378968254,7.521825397,0.050382485,0.440037657,1.240506716,31,10,1,M,,,,,,,,,
332,22,Ralph Kiser,0.378968254,7.021825397,0.053970048,0.374803381,1.221916972,33,9,1,M,,,,,,,,,
333,22,David Murphy,0.253968254,4.521825397,0.056164985,0.323738681,0.920634921,27,12,1,M,,,,,,,,,
334,22,Stephanie Valencia,0.378968254,1.35515873,0.279648609,0.168537498,0.378968254,17,14,1,F,,,,,,,,,
335,22,Krista Klumpp,0.236111111,1.188492063,0.198664441,0.022193852,0.236111111,14,15,1,F,,,,,,,,,
283,22,Russell Hantz,0.236111111,0.878968254,0.268623025,-0.064710309,0.236111111,10,17,3,M,,,,,,,,,
336,22,Kristina Kell,0.142857143,1.021825397,0.139805825,0.033745219,0.142857143,12,16,1,F,,,,,,,,,
337,22,Francesca Hogi,0,0.611111111,0,-0.444444444,0,6,18,1,F,,,,,,,,,
270,23,Coach Wade,1.545634921,11.48015873,0.134635327,1.46796866,10.54563492,39,2,1,M,,,,,,,,,
338,23,Sophie Clarke,3.545634921,10.98015873,0.322912902,1.831925342,10.17811355,39,1,3,F,,,,,,,,,
339,23,Albert Destrade,1.545634921,10.98015873,0.140766173,0.986158404,6.284096459,39,3,1,M,,,,,,,,,
184,23,Ozzy Lusth,5.93452381,8.48015873,0.699812822,0.915538628,6.267857143,38,4,3,M,,,,,,,,,
340,23,Brandon Hantz,1.545634921,9.48015873,0.163038928,1.068177268,4.727453102,36,6,1,M,,,,,,,,,
341,23,Elyse Umemoto,0.267857143,1.146825397,0.233564014,0.858564014,2.93452381,15,15,1,F,,,,,,,,,
342,23,Whitney Duncan,1.68452381,6.48015873,0.25995101,0.694673233,2.815836941,28,9,1,F,,,,,,,,,
343,23,Dawn Meehan,1.43452381,6.48015873,0.221371709,0.830746709,2.780677656,28,10,1,F,,,,,,,,,
344,23,Mikayla Wingle,0.378968254,1.313492063,0.288519637,0.899630749,2.712301587,17,14,1,F,,,,,,,,,
345,23,Christine Shields-Markoski,2.611111111,3.236111111,0.806866953,0.362422508,2.611111111,20,13,1,F,,,,,,,,,
346,23,Jim Rice,1.43452381,4.48015873,0.320194863,0.730625702,2.43452381,25,12,1,M,,,,,,,,,
347,23,Keith Tollefson,0.68452381,2.48015873,0.276,0.847428571,2.36452381,25,11,1,M,,,,,,,,,
348,23,Rick Nelson,0.545634921,9.98015873,0.054671968,0.87855513,2.101190476,37,5,1,M,,,,,,,,,
349,23,John Cochran,0.43452381,7.48015873,0.058090186,0.843147657,1.752170868,31,8,1,M,,,,,,,,,
350,23,Edna Ma,0.545634921,8.48015873,0.064342536,0.747101157,1.577213868,33,7,1,F,,,,,,,,,
351,23,Papa Bear Caruso,0.125,0.861111111,0.14516129,0.468690702,1.525,9,17,1,M,,,,,,,,,
352,23,Stacey Powell,0.236111111,1.003968254,0.235177866,-0.058939781,0.236111111,12,16,1,F,,,,,,,,,
353,23,Semhar Tadesse,0,0.611111111,0,-0.888888889,0,6,18,1,F,,,,,,,,,
354,24,Kim Spradlin,6.080952381,13.80873016,0.440370136,2.114397914,14.34761905,39,1,1,F,,,,,,,,,
355,24,Sabrina Robinson,1.080952381,13.80873016,0.078280361,1.198002583,6.614285714,39,2,1,F,,,,,,,,,
356,24,Chelsea Meissner,3.047619048,13.80873016,0.220702339,1.115702339,6.197619048,39,3,1,F,,,,,,,,,
357,24,Troyzan Robertson,3.323015873,7.808730159,0.425551377,0.988451164,5.323015873,30,8,1,M,,,,,,,,,
358,24,Jay Byars,2.323015873,4.808730159,0.483083017,1.263083017,4.811904762,25,10,1,M,,,,,,,,,
359,24,Alicia Rosa,1.795238095,12.80873016,0.140157383,0.834133286,3.973015873,37,5,1,F,,,,,,,,,
360,24,Kat Edorsson,2.080952381,9.808730159,0.212153087,0.911054186,3.899134199,33,7,1,F,,,,,,,,,
361,24,Leif Manson,0.703968254,5.808730159,0.12119142,0.68179748,2.481746032,27,9,1,M,,,,,,,,,
362,24,Colton Cumbie*,0.503968254,1.242063492,0.405750799,1.097417465,2.413059163,16,13,1,M,,,,,,,,,
363,24,Michael Jefferson,1.031349206,3.483730159,0.296047386,0.739797386,2.108272283,22,11,1,M,,,,,,,,,
364,24,Jonas Otsuji,0.361111111,2.408730159,0.149917628,0.830473183,1.861111111,20,12,1,M,,,,,,,,,
365,24,Tarzan Smith,0.578968254,11.68373016,0.049553374,0.735760271,1.803968254,36,6,1,M,,,,,,,,,
366,24,Christina Cha,0.795238095,13.80873016,0.057589517,0.502730582,1.774259074,38,4,1,F,,,,,,,,,
367,24,Bill Posley,0.503968254,0.78968254,0.638190955,0.902896837,1.670634921,11,15,1,M,,,,,,,,,
368,24,Monica Culpepper,0.428571429,1.075396825,0.398523985,0.231857319,0.428571429,14,14,1,F,,,,,,,,,
369,24,Matt Quinlan,0.361111111,0.646825397,0.558282209,-0.219495569,0.361111111,8,16,1,M,,,,,,,,,
370,24,Kourtney Moon*,0,0.111111111,0,-1,0,3,18,1,F,,,,,,,,,
371,24,Nina Acosta,0,0.361111111,0,-0.75,0,5,17,1,F,,,,,,,,,
27,25,Mike Skupin,4.051190476,13.35952381,0.303243629,1.178243629,10.05119048,39,2,2,M,,,,,,,,,
372,25,Denise Stapley,1.65,13.35952381,0.123507396,1.654406273,8.35,39,1,1,F,,,,,,,,,
373,25,Malcolm Freberg,5.20952381,13.35952381,0.389948316,1.133538059,7.30952381,38,4,1,M,,,,,,,,,
374,25,Lisa Whelchel,0.992857143,13.35952381,0.074318303,0.824318303,6.117857143,39,2,1,F,,,,,,,,,
375,25,Carter Williams,3.383333333,9.35952381,0.361485627,0.976404982,5.327777778,33,6,1,M,,,,,,,,,
189,25,Jonathan Penner,2.333333333,7.35952381,0.317049499,0.865518886,3.564102564,30,7,3,M,,,,,,,,,
376,25,Artis Silvester,1.251190476,5.10952381,0.244874185,0.855985296,3.32526455,25,9,1,M,,,,,,,,,
377,25,Jeff Kent,0.883333333,3.85952381,0.228871067,0.939808567,3.216666667,22,10,1,M,,,,,,,,,
295,25,Russ Swan,0,0.95,0,0.694444444,2.625,10,15,2,M,,,,,,,,,
378,25,Pete Yurkowski,1.501190476,6.35952381,0.236053912,0.676843386,2.578113553,27,8,1,M,,,,,,,,,
379,25,Angie Layton,0,0.616666667,0,0.577777778,2.333333333,8,16,1,F,,,,,,,,,
380,25,Abi-Maria Gomes,1.476190476,11.35952381,0.129951792,0.400359955,2.276190476,36,5,1,F,,,,,,,,,
381,25,Katie Hanson,0.266666667,1.65952381,0.160688666,0.478870484,2.016666667,16,12,1,F,,,,,,,,,
382,25,Roxy Morris,0,0.366666667,0,0.318181818,1.75,6,17,1,F,,,,,,,,,
383,25,RC Saint-Amour,0.917857143,2.65952381,0.345120859,-0.018515504,0.917857143,19,11,1,F,,,,,,,,,
384,25,Dana Lambert*,0.516666667,1.092857143,0.472766885,-0.527233115,0.516666667,12,14,1,F,,,,,,,,,
385,25,Sarah Dawson,0.166666667,1.25952381,0.132325142,-0.701008192,0.166666667,13,13,1,F,,,,,,,,,
386,25,Zane Knight,0,0.166666667,0,-0.833333333,0,3,18,1,M,,,,,,,,,
349,26,John Cochran,5.031746032,11.73293651,0.428856495,2.095523162,15.6984127,39,1,2,M,,,,,,,,,
343,26,Dawn Meehan,1.647222222,11.73293651,0.140393006,0.888709504,5.147222222,39,2,2,F,,,,,,,,,
311,26,Brenda Lowe,3.066269841,9.732936508,0.315040568,0.863821055,4.794664903,36,6,2,F,,,,,,,,,
239,26,Erik Reichenbach*,2.466269841,9.732936508,0.253394219,0.845348242,3.993542569,36,5,2,F,,,,,,,,,
327,26,Andrea Boehlke,2.066269841,7.732936508,0.267203777,0.995822198,3.301563959,33,7,2,F,,,,,,,,,
373,26,Malcolm Freberg,1.232936508,5.732936508,0.215061951,0.706865229,3.232936508,30,9,2,M,,,,,,,,,
328,26,Phillip Sheppard,0.956746032,4.732936508,0.202146391,0.905443094,3.178968254,28,10,2,M,,,,,,,,,
387,26,Sherri Biethman,0.40952381,11.73293651,0.034903778,0.847220493,2.7004329,39,2,1,F,,,,,,,,,
254,26,Corinne Kaplan,0.613888889,2.332936508,0.26313999,1.031321808,2.650252525,22,12,1,F,,,,,,,,,
388,26,Reynold Toepfer,1.976190476,6.732936508,0.293510933,0.530353038,2.55952381,31,8,2,M,,,,,,,,,
389,26,Julia Landauer,0.1,1.332936508,0.075022328,0.649381302,1.966666667,19,13,1,F,,,,,,,,,
390,26,Laura Alexander,0.1,0.690079365,0.144910868,0.734654458,1.966666667,10,16,1,F,,,,,,,,,
391,26,Matt Bischoff,0.1,0.999603175,0.100039698,0.569736668,1.85,16,14,1,M,,,,,,,,,
392,26,Michael Snow,0.3,3.532936508,0.084915197,0.490445151,1.157142857,25,11,1,M,,,,,,,,,
393,26,Eddie Fox,0.776190476,11.73293651,0.066154835,0.236242811,1.094372294,38,4,1,M,,,,,,,,,
340,26,Brandon Hantz,0.756746032,0.856746032,0.883279296,0.67275298,0.756746032,13,15,2,M,,,,,,,,,
394,26,Shamar Thomas*,0.1,0.547222222,0.182741117,0.330889265,0.59122807,10,17,1,M,,,,,,,,,
337,26,Francesca Hogi,0.1,0.2,0.5,-0.1,0.1,3,20,2,F,,,,,,,,,
395,26,Allie Pohevitz,0.1,0.311111111,0.321428571,-0.278571429,0.1,5,19,1,F,,,,,,,,,
396,26,Hope Driskill,0.1,0.422222222,0.236842105,0.157894737,0.1,7,18,1,F,,,,,,,,,
273,27,Tyson Apostol,2.912301587,10.11230159,0.287995919,1.978987157,11.98048341,39.5,1,3,M,,,,,,,,,
368,27,Monica Culpepper,3.402777778,10.11230159,0.336498842,1.381302443,7.383547009,39.5,2,2,F,,,,,,,,,
7,27,Gervase Peterson,1.912301587,10.11230159,0.189106463,1.093816211,5.094119769,39.5,3,2,M,,,,,,,,,
291,27,Laura Morett.,3.295634921,8.745634921,0.37683198,0.986951027,4.107229124,36.5,6,2,F,,,,,,,,,
397,27,Caleb Bankston,0.566666667,6.612301588,0.085698854,0.980992971,3.716666667,30.5,9,1,M,,,,,,,,,
398,27,John Cody,1.75,3.378968254,0.517909571,1.209086042,3.5,19.5,13,1,M,,,,,,,,,
399,27,Katie Collins,1.2,7.612301588,0.157639577,0.693084524,3.084615385,33.5,8,1,F,,,,,,,,,
400,27,Brad Culpepper,0.25,1.545634921,0.161745828,0.941745828,3.05,14.5,15,1,M,,,,,,,,,
401,27,Vytas Baskauskas,1.7,4.112301588,0.413393805,1.064628373,3.033333333,27.5,10,1,M,,,,,,,,,
17,27,Tina Wesson,1.878968254,8.612301588,0.218172603,0.757388289,2.990079365,38.5,4,3,F,12/26/61,,,,,,,,
402,27,Hayden Moss,0.566666667,8.612301588,0.065797355,0.727255689,2.433333333,36.5,7,1,M,,,,,,,,,
403,27,Ciera Eastin,1.366666667,9.112301588,0.149980403,0.755464029,2.380241327,37.5,5,1,F,,,,,,,,,
360,27,Kat Edorsson,0.253968254,1.412301587,0.179825794,0.777048016,2.328042328,17.5,14,2,F,,,,,,,,,
167,27,Aras Baskauskas,0.912301587,2.612301587,0.349232873,0.602106436,1.760786436,25.5,11,2,M,,,,,,,,,
404,27,Laura Boneham,0.545634921,2.112301588,0.258312981,0.663485395,1.478968254,19.5,12,1,F,,,,,,,,,
362,27,Colton Cumbie*,0.236111111,0.236111111,1,1.263157895,1.313034188,7.5,19,2,M,,,,,,,,,
190,27,Candice Cody,1.25,2,0.625,0.025,1.25,11.5,16,3,F,,,,,,,,,
405,27,Rachel Foulger,0,0.736111111,0,0.271604938,1.037037037,7.5,18,1,F,,,,,,,,,
406,27,Marissa Peterson,0.5,1.611111111,0.310344828,0.047186933,0.5,9.5,17,1,F,,,,,,,,,
104,27,Rupert Boneham,0,0.5,0,0,0,4.5,20,4,M,1/27/64,,,,,,,,
407,28,Tony Vlachos,2.28452381,12.94285714,0.176508462,2.057105477,10.72896825,39,1,1,M,,,,,,,,,
408,28,Woo Hwang,3.53452381,12.94285714,0.273086829,1.278315587,7.351190476,39,2,1,M,,,,,,,,,
409,28,Tasha Fox,3.541666667,8.942857143,0.396033014,0.990553562,5.641666667,33,6,1,F,,,,,,,,,
410,28,Spencer Bledsoe,4.408333333,11.94285714,0.36911882,0.860988738,5.575,37,4,1,M,,,,,,,,,
411,28,Kass McQuillen,1.625,12.94285714,0.125551876,0.873543844,5.125,38,3,1,F,,,,,,,,,
412,28,Jefra Bland,1.75952381,7.60952381,0.231226533,0.92334476,3.297985348,30,7,1,F,,,,,,,,,
413,28,Trish Hegarty,1.326190476,10.94285714,0.121192341,0.736271706,3.270634921,36,5,1,F,,,,,,,,,
414,28,LJ McKanas,1.50952381,5.35952381,0.281652599,0.844443297,2.90952381,25,9,1,M,,,,,,,,,
415,28,Jeremiah Wood,1.716666667,6.60952381,0.259726225,0.563647793,2.434615385,28,8,1,M,,,,,,,,,
416,28,Sarah Lacina,0.825,2.826190476,0.291912384,0.625245717,2.225,19,11,1,F,,,,,,,,,
417,28,Garrett Adelstein,0,0.366666667,0,0.363636364,2,6,17,1,M,,,,,,,,,
418,28,Alexis Maxwell,0.683333333,1.826190476,0.374185137,0.566492829,1.85,16,12,1,F,,,,,,,,,
419,28,J'Tia Taylor,0.125,1.116666667,0.111940299,0.62305141,1.821969697,11,15,1,F,,,,,,,,,
420,28,Morgan McLeod,0.716666667,4.026190476,0.178001183,0.369177653,1.3,22,10,1,F,,,,,,,,,
421,28,Cliff Robinson,0.726190476,1.426190476,0.50918197,-0.062246601,0.726190476,14,14,1,M,,,,,,,,,
422,28,Lindsey Ogle*,0.551190476,1.426190476,0.386477462,-0.075060999,0.551190476,14,13,1,F,,,,,,,,,
423,28,Brice Johnston,0.166666667,0.616666667,0.27027027,-0.063063063,0.166666667,8,16,1,M,,,,,,,,,
424,28,David Samson,0,0.166666667,0,-0.666666667,0,3,18,1,M,,,,,,,,,
425,29,Natalie Anderson,3.070634921,13.82063492,0.222177558,1.624955336,12.26507937,39.5,1,1,F,,,,,,,,,
426,29,Jaclyn Schultz,1.416666667,14.36230159,0.098637858,1.039359508,6.147435897,39.5,2,1,F,,,,,,,,,
427,29,Keith Nale,4.769444444,14.32063492,0.333046996,0.682270943,5.368374926,38.5,4,1,M,,,,,,,,,
428,29,Jon Misch,2.444444444,11.32063492,0.215928211,0.768439626,5.037037037,35.5,6,1,M,,,,,,,,,
429,29,Jeremy Collins,2.570634921,4.737301587,0.542636958,1.153748069,4.644708995,24.5,10,1,M,,,,,,,,,
430,29,Missy Payne,0.694444444,13.82063492,0.050246928,0.808284622,3.98989899,39.5,3,1,F,,,,,,,,,
431,29,Wes Nale,1.176190476,6.028968254,0.195089844,0.688917005,3.50952381,26.5,9,1,M,,,,,,,,,
432,29,Reed Kelly,2.820634921,7.987301587,0.353139905,0.510586713,3.220634921,29.5,8,1,M,,,,,,,,,
433,29,Alec Christy,0.926190476,9.528968254,0.097197351,0.589950975,2.676190476,32.5,7,1,M,,,,,,,,,
434,29,Baylor Wilson,1.366666667,13.36230159,0.102277789,0.754607538,2.3,37.5,5,1,F,,,,,,,,,
435,29,Kelley Wentworth,0.361111111,0.670634921,0.538461538,0.913461538,2.111111111,13.5,14,1,F,,,,,,,,,
436,29,Josh Canfield,0.476190476,3.078968254,0.154659106,0.611801963,1.876190476,21.5,11,1,M,,,,,,,,,
437,29,Julie McGee*,0.878968254,2.337301587,0.376061121,0.542727787,1.656746032,18.5,12,1,F,,,,,,,,,
438,29,John Rocker,0,0.902777778,0,0.263888889,1.037037037,8.5,16,1,M,,,,,,,,,
439,29,Dale Wentworth,0.166666667,0.878968254,0.189616253,0.34637301,0.633333333,15.5,13,1,M,,,,,,,,,
440,29,Drew Christy,0.361111111,0.527777778,0.684210526,0.128654971,0.361111111,10.5,15,1,M,,,,,,,,,
441,29,Nadiya Anderson,0,0.111111111,0,-0.555555556,0,3.5,18,1,F,,,,,,,,,
442,29,Val Collins,0,0.736111111,0,-0.117647059,0,6.5,17,1,F,,,,,,,,,
443,30,Mike Holloway,7.535714286,13.80238095,0.545972055,2.114153873,17.76298701,39,1,1,M,,,,,,,,,
444,30,Carolyn Rivera,3.8,13.80238095,0.275314818,1.213211224,7.095454545,39,2,1,F,,,,,,,,,
445,30,Joe Anglim,3.952380952,5.885714286,0.671521036,1.145377245,5.119047619,24,10,1,M,,,,,,,,,
446,30,Will Sims,1.583333333,13.80238095,0.114714508,0.736051504,4.083333333,39,2,1,M,,,,,,,,,
447,30,Tyler Fredrickson,2.160714286,9.469047619,0.228187076,0.594258504,3.327380952,32,7,1,M,,,,,,,,,
448,30,Sierra Thomas,1.202380952,12.80238095,0.093918542,0.586601469,2.602380952,37,5,1,F,,,,,,,,,
449,30,Hali Ford,1,4.685714286,0.213414634,0.774390244,2.4,22,11,1,F,,,,,,,,,
450,30,Dan Foley,1.119047619,10.80238095,0.103592682,0.591904371,2.195970696,35,6,1,M,,,,,,,,,
451,30,Max Dawson,0.55,1.352380952,0.406690141,0.714382449,2.105555556,14,14,1,M,,,,,,,,,
452,30,Shirin Oskooi,0.625,8.135714286,0.076821773,0.632377329,2.079545455,29,8,1,F,,,,,,,,,
453,30,Jenn Brown,1,6.885714286,0.145228216,0.690466311,2.066666667,27,9,1,F,,,,,,,,,
454,30,Rodney Lavoie,0.669047619,13.80238095,0.048473348,0.4068243,1.80036075,38,4,1,M,,,,,,,,,
455,30,Kelly Remington,0.616666667,2.685714286,0.229609929,0.509609929,1.783333333,19,12,1,F,,,,,,,,,
456,30,Joaquin Souberbielle,0.835714286,1.685714286,0.495762712,0.341916558,0.835714286,16,13,1,M,,,,,,,,,
457,30,Lindsey Cascaddan,0.183333333,1.066666667,0.171875,-0.161458333,0.183333333,11,15,1,F,,,,,,,,,
458,30,Nina Poersch,0.166666667,0.566666667,0.294117647,0.112299465,0.166666667,8,16,1,F,,,,,,,,,
459,30,Vince Sly,0.166666667,0.366666667,0.454545455,-0.045454545,0.166666667,6,17,1,M,,,,,,,,,
460,30,So Kim,0,2.166666667,0,-0.666666667,0,3,18,1,F,,,,,,,,,
403,31,Ciera Eastin,1.226190476,5.93015873,0.206771949,0.7690361,2.426190476,26,10,2,F,,,0.0,,,,,,
411,31,Kass McQuillen,0.745634921,2.363492063,0.315480188,0.665480188,2.145634921,19,13,2,F,,,0.0,,,,,,
28,31,Kimmi Kappenberg,0.803968254,12.93015873,0.062177756,0.615023284,3.396560847,36,6,2,F,11/11/72,,-72.9,,,,,,
288,31,Monica Padilla,0.294444444,1.077777778,0.273195876,-0.226804124,0.294444444,13,16,2,F,,,0.0,,,,,,
409,31,Tasha Fox,1.128968254,14.93015873,0.075616628,0.654609683,2.943783069,39,2,2,F,,,0.0,,,,,,
106,31,Andrew Savage,1.228968254,4.03015873,0.304942891,0.88633824,3.328968254,21,12,2,M,,,0.0,,,,,,
429,31,Jeremy Collins,1.637301587,15.43015873,0.106110482,1.742474119,12.09184704,39,1,2,M,,,0.0,,,,,,
445,31,Joe Anglim,5.562301587,9.93015873,0.560142263,0.534745438,5.562301587,32,8,2,M,,,0.0,,,,,,
427,31,Keith Nale,3.162301587,13.93015873,0.227011167,0.443746421,3.940079365,37,5,2,M,,,0.0,,,,,,
267,31,Stephen Fishbach,1.837301587,7.93015873,0.231685348,0.793746238,3.837301587,29,9,2,M,,,0.0,,,,,,
380,31,Abi-Maria Gomes,0.717857143,11.93015873,0.060171634,0.715934874,1.75489418,35,7,2,F,,,0.0,,,,,,
435,31,Kelley Wentworth,3.826190476,14.93015873,0.256272592,0.752266182,5.381746032,38,4,2,F,,,0.0,,,,,,
2,31,Kelly Wiglesworth,0.717857143,4.73015873,0.151761745,0.277812165,1.051190476,24,11,2,F,,,0.0,,,,,,
226,31,Peih-Gee Law,0,0.377777778,0,0.613333333,2.333333333,9,18,2,F,4/7/78,,-78.3,,,,,,
452,31,Shirin Oskooi,0,0.211111111,0,0.368421053,1.555555556,6,19,2,F,,,0.0,,,,,,
26,31,Jeff Varner,0,0.577777778,0,0.716666667,2.625,11,17,2,M,4/16/66,,-66.3,,,,,,
410,31,Spencer Bledsoe,3.951190476,14.93015873,0.264644908,0.900786544,5.151190476,39,2,2,M,,,0.0,,,,,,
169,31,Terry Deitz*,0.516666667,1.577777778,0.327464789,0.247464789,0.516666667,13,15,2,M,,,0.0,,,,,,
401,31,Vytas Baskauskas,0,0.1,0,-0.6,0,3,20,2,M,,,0.0,,,,,,
408,31,Woo Hwang,0.517857143,1.363492063,0.379802095,0.752775068,1.762301587,16,14,2,M,,,0.0,,,,,,
461,32,Alecia Holden,0.125,3.45,0.036231884,0.525120773,1.680555556,11,14,1,F,,,0.0,,,,,,
462,32,Cydney Gillon,1.958333333,12.4,0.157930108,0.926448626,4.37808642,37,4,1,F,,,0.0,,,,,,
463,32,Darnell Hamilton,0,0.166666667,0,-0.5,0,3,18,1,M,,,0.0,,,,,,
464,32,Jennifer Lanzetti,0,0.366666667,0,0.363636364,2,6,17,1,F,,,0.0,,,,,,
465,32,Kyle Jason,2.041666667,9.4,0.217198582,0.456037867,2.819444444,32,6,1,M,,,0.0,,,,,,
466,32,Scot Pollard,0.741666667,6.566666667,0.112944162,0.596740459,2.014393939,27,8,1,M,,,0.0,,,,,,
467,32,Aubry Bracco,1.933333333,13.4,0.144278607,1.304772434,5.721693122,39,2,1,F,,,0.0,,,,,,
468,32,Debbie Wanner,1.2,5.066666667,0.236842105,0.836842105,3.274074074,24,9,1,F,,,0.0,,,,,,
469,32,Joe Del Campo*,1.683333333,10.4,0.161858974,0.818108974,3.55,34,5,1,M,,,0.0,,,,,,
470,32,Liz Markham,0.266666667,0.616666667,0.432432432,0.099099099,0.266666667,8,16,1,F,,,0.0,,,,,,
471,32,Neal Gottlieb*,0.85,2.616666667,0.324840764,0.001311353,0.85,19,11,1,M,,,0.0,,,,,,
472,32,Peter Baggenstos,0.933333333,1.616666667,0.577319588,0.781023291,1.781818182,16,12,1,M,,,0.0,,,,,,
473,32,Anna Khait,0.408333333,1.283333333,0.318181818,-0.515151515,0.408333333,14,13,1,F,,,0.0,,,,,,
474,32,Caleb Reynolds*,0.658333333,0.866666667,0.759615385,-0.240384615,0.658333333,9,15,1,M,,,0.0,,,,,,
475,32,Julia Sokolowski,2.575,8.066666667,0.319214876,0.884214876,4.102272727,29,7,1,F,,,0.0,,,,,,
476,32,Michele Fitzgerald,5.2,13.4,0.388059701,1.761604675,12.5968254,39,1,1,F,5/5/90,3/30/15,24.9,,,,,,
477,32,Nick Maiorano,2.316666667,3.816666667,0.6069869,0.0069869,2.316666667,22,10,1,M,,,0.0,,,,,,
478,32,Tai Trang,3.108333333,13.4,0.231965174,0.779723459,5.052777778,39,3,1,M,,,0.0,,,,,,
479,33,Adam Klein,1.761111111,13.22222222,0.133193277,1.878193277,9.861111111,39,1,1,M,,,,,,,,,
480,33,Ken McNickle,4.752777778,13.22222222,0.359453782,1.215375637,8.752777778,39,2,1,M,,,,,,,,,
481,33,David Wright,3.152777778,13.22222222,0.238445378,1.089483229,4.867063492,38,4,1,M,,,,,,,,,
482,33,Jay Starrett,4.036111111,11.22222222,0.359653465,0.649870857,4.682264957,36,6,1,M,,,,,,,,,
483,33,Hannah Shapiro,1.111111111,13.22222222,0.084033613,0.723354688,3.111111111,39,2,1,F,,,,,,,,,
484,33,Will Wahl,1.586111111,9.222222222,0.171987952,0.662494281,2.986111111,34,8,1,M,,,,,,,,,
485,33,Michaela Bradshaw,1.036111111,1.522222222,0.680656934,1.055656934,2.786111111,20,14,1,F,,,,,,,,,
486,33,Zeke Smith,1.619444444,8.222222222,0.196959459,0.747979868,2.762301587,33,9,1,M,,,,,,,,,
487,33,Sunday Burquest,1.261111111,10.22222222,0.123369565,0.573501957,2.675252525,35,7,1,F,,,,,,,,,
488,33,Chris Hammons,1.152777778,4.888888889,0.235795455,0.792518144,2.607323232,28,11,1,M,,,,,,,,,
489,33,Bret LaBelle,1.386111111,12.22222222,0.113409091,0.494650656,2.582692308,37,5,1,M,,,,,,,,,
490,33,Michelle Schubert,1.086111111,2.522222222,0.43061674,0.978235788,2.419444444,23,13,1,F,,,,,,,,,
491,33,Jessica Lewis,0.586111111,6.222222222,0.094196429,0.587786172,2.336111111,30,10,1,F,,,,,,,,,
492,33,Figgy Figueroa,0.436111111,1.022222222,0.426630435,0.726630435,1.836111111,18,15,1,F,,,,,,,,,
493,33,Lucy Huang,0.236111111,0.572222222,0.412621359,0.721263335,1.791666667,12,17,1,F,,,,,,,,,
494,33,Paul Wachter,0.111111111,0.322222222,0.344827586,0.686932849,1.511111111,10,18,1,M,,,,,,,,,
495,33,Taylor Stocker,0.852777778,3.688888889,0.231174699,0.437424699,1.489141414,25,12,1,M,,,,,,,,,
496,33,CeCe Taylor,0.236111111,0.772222222,0.305755396,0.719817896,1.169444444,15,16,1,F,,,,,,,,,
497,33,Mari Takahashi,0.1,0.211111111,0.473684211,-0.226315789,0.1,7,19,1,F,,,,,,,,,
498,33,Rachel Ako,0,0.1,0,-0.5,0,4,20,1,F,,,,,,,,,
400,34,Brad Culpepper,6.55515873,12.80634921,0.511867873,1.476916417,11.46626984,39,2,2,M,,,,,,,,,
416,34,Sarah Lacina,1.137301587,12.30634921,0.092415839,1.638569685,11.26037851,39,1,2,F,,,,,,,,,
327,34,Andrea Boehlke,3.837301587,8.306349206,0.4619721,1.064244827,4.80952381,33,8,3,M,,,,,,,,,
357,34,Troyzan Robertson,1.635714286,12.80634921,0.127726822,0.792806187,4.746825397,39,3,2,F,,,,,,,,,
170,34,Cirie Fields,0.869047619,10.30634921,0.084321577,0.584321577,4.369047619,36,6,4,F,,,,,,,,,
467,34,Aubry Bracco,2.285714286,11.30634921,0.20216201,0.658440774,3.362637363,37,5,2,M,,,,,,,,,
468,34,Debbie Wanner,0.920634921,4.63015873,0.198834419,1.041691562,3.320634921,26,11,2,F,,,,,,,,,
478,34,Tai Trang,1.845634921,12.80634921,0.144118741,0.82936927,3.230250305,38,4,2,F,,,,,,,,,
184,34,Ozzy Lusth,1.103968254,4.073015873,0.271044427,0.976172632,3.013059163,24,12,4,F,,,,,,,,,
373,34,Malcolm Freberg,0.416666667,1.077777778,0.386597938,0.997709049,2.490740741,11,17,3,M,,,,,,,,,
449,34,Hali Ford,0.485714286,2.406349206,0.201846966,0.969193904,2.352380952,21,13,2,F,,,,,,,,,
486,34,Zeke Smith,1.303968254,5.973015873,0.218309859,0.687754304,2.237301587,29,10,2,M,,,,,,,,,
448,34,Sierra Thomas,0.896825397,7.306349206,0.122746035,0.676562082,2.127594628,32,9,2,F,,,,,,,,,
474,34,Caleb Reynolds,0,0.377777778,0,0.6,2.074074074,9,18,2,M,,,,,,,,,
26,34,Jeff Varner,0.40952381,1.406349206,0.291196388,0.770363055,1.80952381,18,14,3,F,,,,,,,,,
485,34,Michaela Bradshaw,0.552380952,9.306349206,0.059355279,0.686284953,1.74025974,35,7,2,M,,,,,,,,,
97,34,Sandra Diaz-Twine,0.266666667,1.120634921,0.23796034,0.614150816,1.511111111,16,15,3,M,7/30/74,,,,,,,,
407,34,Tony Vlachos,0,0.211111111,0,0.315789474,1.272727273,6,19,2,M,,,,,,,,,
266,34,J.T. Thomas,0.727777778,1.477777778,0.492481203,0.398731203,0.727777778,13,16,3,M,,,,,,,,,
403,34,Ciera Eastin,0,0.1,0,-0.9,0,3,20,3,F,,,,,,,,,
499,35,Ben Driebergen,1.783333333,14.28333333,0.124854142,1.52458778,9.162962963,39,1,1,M,,,,,,,,,
500,35,Chrissy Hofbeck,6.433333333,14.28333333,0.450408401,1.147193324,9.090358127,39,2,1,F,,,,,,,,,
501,35,Devon Pinto,1.533333333,14.28333333,0.107351225,1.006131713,6.573333333,38,4,1,M,,,,,,,,,
502,35,Lauren Rimmer,2.858333333,10.78333333,0.265069552,1.11581582,6.286904762,33,7,1,F,,,,,,,,,
503,35,Ryan Ulrich,0.633333333,14.28333333,0.044340723,0.83600739,6.05,39,3,1,M,,,,,,,,,
504,35,Ashley Nolan,3.133333333,12.28333333,0.255088195,0.798298072,4.42962963,36,6,1,F,,,,,,,,,
505,35,Desi Williams,2.133333333,4.333333333,0.492307692,0.774358974,3.3,21,11,1,F,,,,,,,,,
506,35,Cole Medders,2.983333333,5.533333333,0.539156627,0.46623996,2.983333333,24,10,1,M,,,,,,,,,
507,35,JP Hilsabeck,0.933333333,7.533333333,0.123893805,0.822873397,2.933333333,27,9,1,M,,,,,,,,,
508,35,Alan Ball,0.383333333,1.133333333,0.338235294,0.738235294,2.716666667,11,15,1,M,,,,,,,,,
509,35,Mike Zahalsky,1.308333333,13.28333333,0.098494354,0.464165996,2.475,37,5,1,M,,,,,,,,,
510,35,Ali Elliott,0.433333333,2.133333333,0.203125,0.665625,2.433333333,16,13,1,F,,,,,,,,,
511,35,Joe Mena,1.183333333,8.783333333,0.134724858,0.606422971,2.26025641,30,8,1,M,,,,,,,,,
512,35,Jessica Johnston,1.783333333,3.133333333,0.569148936,-0.014184397,1.783333333,19,12,1,F,,,,,,,,,
513,35,Patrick Bolton,0.083333333,0.733333333,0.113636364,0.386363636,1.638888889,8,16,1,M,,,,,,,,,
514,35,Roark Luskin,0.733333333,1.633333333,0.448979592,-0.151020408,0.733333333,14,14,1,F,,,,,,,,,
515,35,Katrina Radke,0.083333333,0.333333333,0.25,-0.583333333,0.083333333,3,18,1,F,,,,,,,,,
516,35,Simone Nguyen,0.083333333,0.533333333,0.15625,-0.677083333,0.083333333,6,17,1,F,,,,,,,,,
517,36,Domenick Abbate,4.311111111,12.38888889,0.347982063,1.600027517,10.77171717,39,2,1,M,,,,,,,,,
518,36,Wendell Holland,3.952777778,12.38888889,0.319058296,1.634883212,9.645258137,39,1,1,M,,,,,,,,,
519,36,Laurel Johnson,2.45,12.72222222,0.192576419,1.099691044,6.692424242,39,3,1,F,,,,,,,,,
520,36,Chelsea Townsend,3.038888889,7.888888889,0.385211268,1.126282696,5.372222222,32,8,1,F,,,,,,,,,
521,36,Sebastian Noel,2.097222222,10.72222222,0.195595855,0.855140014,4.171296296,36,6,1,M,,,,,,,,,
522,36,Kellyn Bechtold,1.647222222,9.388888889,0.175443787,0.770315582,3.747222222,35,7,1,F,,,,,,,,,
523,36,Angela Perkins,1.891666667,12.38888889,0.152690583,0.592915618,3.669444444,38,4,1,F,,,,,,,,,
524,36,Jenna Bowman,0.636111111,5.888888889,0.108018868,0.7279513,3.136111111,29,10,1,F,,,,,,,,,
525,36,James Lim,0.5,1.022222222,0.489130435,1.189130435,2.6,17,15,1,M,,,,,,,,,
526,36,Libby Vincek,1.016666667,3.688888889,0.27560241,0.918026652,2.572222222,25,12,1,F,,,,,,,,,
527,36,Brendan Shapiro,0.444444444,0.905555556,0.490797546,1.093361649,2.518518519,12,17,1,M,,,,,,,,,
528,36,Michael Yerger,0.769444444,6.222222222,0.123660714,0.672271825,2.497839506,29,9,1,M,,,,,,,,,
529,36,Bradley Kleihege,0.672222222,1.522222222,0.441605839,0.987060385,2.227777778,19,14,1,M,,,,,,,,,
530,36,Donathan Hurley,1.016666667,11.38888889,0.089268293,0.625425317,2.191491841,37,5,1,M,,,,,,,,,
531,36,Desiree Afuye,0.447222222,5.222222222,0.085638298,0.723065198,1.780555556,27,11,1,F,,,,,,,,,
532,36,Stephanie Johnson,0.111111111,0.822222222,0.135135135,0.583664547,1.383838384,14,16,1,F,,,,,,,,,
533,36,Chris Noble,1.286111111,2.855555556,0.450389105,-0.318841664,1.286111111,22,13,1,M,,,,,,,,,
534,36,Morgan Ricke,0.211111111,0.322222222,0.655172414,0.155172414,0.211111111,9,18,1,F,,,,,,,,,
535,36,Jacob Derwin,0,0.211111111,0,-0.625,0,6,19,1,M,,,,,,,,,
536,36,Stephanie Gonzalez,0,0.1,0,-0.888888889,0,3,20,1,F,,,,,,,,,
537,37,Nick Wilson,4.116666667,13.75277778,0.299333468,1.768564237,13.70128205,39,1,1,M,,,,,,,,,
538,37,Mike White,2.186111111,13.75277778,0.158957786,1.208124453,8.186111111,39,2,1,M,,,,,,,,,
539,37,Kara Kay,2.186111111,13.75277778,0.158957786,0.795321423,6.640656566,38,4,1,F,,,,,,,,,
540,37,Davie Rickenbacker,3.1,11.75277778,0.263767431,0.758211875,4.655555556,36,6,1,M,,,,,,,,,
541,37,Christian Hubicki,2.541666667,11.00277778,0.231002272,0.971508601,4.641666667,35,7,1,M,,,,,,,,,
542,37,Gabby Pascuzzi,1.041666667,8.752777778,0.119009838,0.829327298,4.375,32,8,1,F,,,,,,,,,
543,37,John Hennigan,1.177777778,3.852777778,0.305695746,0.943790984,3.844444444,22,12,1,M,,,,,,,,,
544,37,Dan Rengering,2.211111111,4.802777778,0.460381724,0.927773028,3.611111111,25,11,1,M,,,,,,,,,
545,37,Alec Merlino,2.302777778,6.002777778,0.383618695,0.859028531,3.379700855,28,10,1,M,,,,,,,,,
546,37,Angelina Keeley,1.036111111,13.75277778,0.075338315,0.738671649,3.369444444,39,3,1,F,,,,,,,,,
547,37,Alison Raybould,2.127777778,13.00277778,0.163640248,0.703322787,3.042810458,37,5,1,F,,,,,,,,,
548,37,Carl Boudreaux,0.9,7.052777778,0.127609295,0.611984295,2.3,30,9,1,M,,,,,,,,,
549,37,Natalia Azoqa,0.211111111,0.536111111,0.393782383,0.793782383,2.211111111,11,16,1,F,,,,,,,,,
550,37,Lyrsa Torres,0.7,1.686111111,0.415156507,0.915156507,2.135897436,17,14,1,F,,,,,,,,,
551,37,Natalie Cole,0.3,0.936111111,0.320474777,0.687141444,2.05,15,15,1,F,,,,,,,,,
552,37,Elizabeth Olson,0.525,2.436111111,0.215507412,0.721680251,1.623039216,20,13,1,F,,,,,,,,,
553,37,Jeremy Crawford,0.211111111,0.336111111,0.628099174,-0.271900826,0.211111111,9,18,1,M,,,,,,,,,
554,37,Bi Nguyen*,0.125,0.336111111,0.371900826,0.136606709,0.125,10,17,1,F,,,,,,,,,
555,37,Jessica Peet,0,0.211111111,0,-0.555555556,0,6,19,1,F,,,,,,,,,
556,37,Pat Cusack*,0,0.1,0,-1,0,3,20,1,M,,,,,,,,,
557,38,Gavin Whitson,4.062301587,15.4718254,0.262561235,1.23692021,10.5751221,39,2,1,M,,,,,,,,,
558,38,Chris Underwood,2.142857143,5.521825397,0.388070428,1.851806691,8.785592186,39,1,1,M,,,,,,,,,
559,38,Rick Devens,5.55952381,14.4718254,0.384161891,0.952537959,7.337301587,38,4,1,M,,,,,,,,,
560,38,Julie Rosenberg,3.311111111,15.4718254,0.214009079,0.712872716,6.111111111,39,3,1,F,,,,,,,,,
561,38,Ron Clark,2.328968254,11.4718254,0.203016362,0.911265859,5.186111111,35,8,1,M,,,,,,,,,
562,38,Aurora McCreary,3.495634921,13.4718254,0.259477451,0.79771699,4.467857143,35,7,1,F,,,,,,,,,
563,38,Victoria Baamonde,0.752777778,13.4718254,0.055877935,0.781256722,4.146717172,36,6,1,F,,,,,,,,,
564,38,Julia Carter,1.495634921,5.888492063,0.253992857,0.83732619,2.931532357,35,12,1,F,,,,,,,,,
565,38,Wardog' DaSilva,0.68452381,9.471825397,0.072269471,0.792269471,2.381493506,35,9,1,M,,,,,,,,,
566,38,Lauren O'Connell,0.851190476,14.4718254,0.058817078,0.719617078,2.095634921,37,5,1,F,,,,,,,,,
567,38,Eric Hafemann,0.895634921,4.888492063,0.183212923,0.630581344,2.062301587,35,13,1,M,,,,,,,,,
435,38,Kelley Wentworth,0.601190476,8.221825397,0.07312129,0.757903898,1.690079365,35,10,1,F,,,,,,,,,
445,38,Joe Anglim,1.578968254,3.721825397,0.424245655,-0.037292806,1.578968254,35,14,1,M,,,,,,,,,
481,38,David Wright,0.267857143,6.888492063,0.038884728,0.690825826,1.512301587,35,11,1,M,,,,,,,,,
568,38,Keith Sowell,0,1.236111111,0,0.323529412,1.4,17,18,1,M,,,,,,,,,
569,38,Wendy Diaz,0.492857143,2.721825397,0.181075959,0.33242731,0.923626374,14,17,1,F,,,,,,,,,
467,38,Aubry Bracco,0.478968254,3.221825397,0.148663629,-0.651336371,0.478968254,35,15,1,F,,,,,,,,,
570,38,Reem Daly,0,2.111111111,0,-0.444444444,0,35,16,1,F,,,,,,,,,
571,39,Tommy Sheehan,2.538492063,10.79246032,0.235209766,1.810024581,10.96812169,39,1,1,M,,,,,,,,,
572,39,Dean Kowalski,2.420634921,10.79246032,0.224289444,1.09095611,8.287301587,39,2,1,M,,,,,,,,,
573,39,Noura Salman,3.520634921,10.79246032,0.32621245,1.095958099,5.698412698,39,3,1,F,,,,,,,,,
574,39,Lauren Beck,1.871825397,10.79246032,0.173438247,0.838642925,5.60515873,38,4,1,F,,,,,,,,,
575,39,Missy Byrd,1.646825397,4.292460317,0.383655357,1.091028629,4.503968254,27,10,1,F,,,,,,,,,
576,39,Aaron Meredith,2.646825397,4.292460317,0.616621984,1.176712687,4.424603175,27,11,1,M,,,,,,,,,
577,39,Elizabeth Beisel,0.813492063,5.292460317,0.15370773,0.723124229,4.013492063,30,9,1,F,,,,,,,,,
578,39,Jason Linden,0.728968254,0.982936508,0.741622931,1.388681754,3.528968254,16,15,1,M,,,,,,,,,
579,39,Elaine Stott,1.670634921,8.792460317,0.190007673,0.880705347,3.303968254,35,7,1,F,,,,,,,,,
580,39,Janet Carbin,0.978968254,9.792460317,0.099971634,0.592742718,2.378968254,37,5,1,F,,,,,,,,,
581,39,Dan Spilo*,1.038492063,8.792460317,0.118111658,0.657794197,2.075529101,36,6,1,M,,,,,,,,,
582,39,Jack Nichting,0.478968254,1.125793651,0.425449418,0.731004974,2.03452381,19,14,1,F,,,,,,,,,
583,39,Chelsea Walker,0.111111111,0.447222222,0.248447205,0.838190795,1.977777778,11,17,1,M,,,,,,,,,
584,39,Kellee Kim,0.478968254,2.125793651,0.225312675,0.671258621,1.645634921,22,13,1,F,,,,,,,,,
585,39,Tom Laidlaw,0.111111111,0.697222222,0.15936255,0.613908004,1.511111111,14,16,1,M,,,,,,,,,
586,39,Vince Moua,0.111111111,0.322222222,0.344827586,0.650383142,1.383838384,8,18,1,M,,,,,,,,,
587,39,Jamal Shipman,0.478968254,3.292460317,0.145474268,0.364224268,1.178968254,24,12,1,M,,,,,,,,,
588,39,Karishma Patel,0.253968254,6.792460317,0.03738973,0.519947869,0.990810359,32,8,1,F,,,,,,,,,
589,39,Molly Byman,0.1,0.211111111,0.473684211,-0.226315789,0.1,6,19,1,F,,,,,,,,,
590,39,Ronnie Bardah,0,0.1,0,-0.777777778,0,3,20,1,M,,,,,,,,,
407,40,Tony Vlachos,4.561111111,12.0734127,0.37778143,1.794448096,13.72777778,39,1,3,M,,,,,,,,,
476,40,Michele Fitzgerald,2.778968254,12.0734127,0.230172555,0.727551323,4.528968254,39,3,2,F,,,,,,,,,
372,40,Denise Stapley,2.478968254,10.0734127,0.246090211,0.787908393,4.388059163,36,6,2,F,,,,,,,,,
425,40,Natalie Anderson,2,5.1,0.392156863,0.864379085,4.348484848,39,2,2,F,,,,,,,,,
97,40,Sandra Diaz-Twine,0.311111111,1.040079365,0.299122472,0.95190025,4.044444444,16,15,4,F,7/30/74,5/22/19,44.8,,,,,,
499,40,Ben Driebergen,1.537301587,11.0734127,0.138828167,0.904395933,3.93046398,37,5,2,F,,,,,,,,,
416,40,Sarah Lacina,1.286111111,12.0734127,0.10652424,0.643399736,3.798931624,38,4,3,M,,,,,,,,,
183,40,Yul Kwon,0.661111111,3.540079365,0.186750364,0.90996465,3.661111111,35,14,2,M,,,,,,,,,
537,40,Nick Wilson,1.661111111,10.0734127,0.164900532,0.884092451,3.358080808,35,7,2,M,,,,,,,,,
338,40,Sophie Clarke,1.619444444,7.073412698,0.228948107,0.787189865,3.219444444,35,10,2,M,,,,,,,,,
354,40,Kim Spradlin,2.094444444,8.073412698,0.25942492,0.744013961,3.171367521,35,9,2,F,,,,,,,,,
429,40,Jeremy Collins,1.478968254,9.073412698,0.163000219,0.817008657,2.91486569,35,8,3,F,,,,,,,,,
33,40,Ethan Zohn,0.111111111,2.447222222,0.045402951,0.662686902,2.444444444,35,18,3,M,,,,,,,,,
273,40,Tyson Apostol,1.336111111,5.790079365,0.230758687,0.783699863,2.386111111,35,11,4,M,,,,,,,,,
518,40,Wendell Holland,0.661111111,3.540079365,0.186750364,0.926750364,2.061111111,35,13,2,M,,,,,,,,,
188,40,Parvati Shallow,0.453968254,3.040079365,0.149327764,0.610265264,2.00952381,35,16,4,F,,,,,,,,,
58,40,Boston Rob Mariano,0.253968254,2.790079365,0.091025459,0.559775459,2.003968254,35,17,5,M,,,,,,,,,
479,40,Adam Klein,1.003968254,4.740079365,0.211804102,0.833016223,1.986424394,35,12,2,M,,,,,,,,,
151,40,Danni Boatwright,0.111111111,2.322222222,0.04784689,0.337320574,1.277777778,35,19,2,F,,,,,,,,,
22,40,Amber Mariano,0.1,2.211111111,0.045226131,-0.554773869,0.1,35,20,3,F,,,,,,,,,
591,41,Erika Casupanan,2.025,10.35,0.195652174,1.92269299,11.275,26,1,1,F,,,,,,,,,
592,41,Deshawn Radden,1.475,11.35,0.129955947,0.864046856,3.815909091,26,2,1,M,,,,,,,,,
593,41,Xander Hastings,2.166666667,10.35,0.209339775,0.650365416,4.240740741,26,3,1,M,,,,,,,,,
594,41,Heather Aldret,0.166666667,10.35,0.01610306,0.860490815,2.833333333,25,4,1,F,,,,,,,,,
595,41,Ricard Foyé,4.916666667,10.35,0.475040258,1.100195924,6.287296037,24,5,1,M,,,,,,,,,
596,41,Danny McCray,2.308333333,9.35,0.24688057,0.570213904,3.641666667,23,6,1,M,,,,,,,,,
597,41,Liana Wallace,0.833333333,7.016666667,0.118764846,0.806595533,2.261904762,21,7,1,F,,,,,,,,,
598,41,Shan Smith,0.516666667,6.016666667,0.085872576,0.857477514,3.627777778,19,8,1,F,,,,,,,,,
599,41,Evvie Jagoda,2.233333333,5.016666667,0.445182724,0.808340619,3.251515152,17,9,1,NB,,,,,,,,,
600,41,Naseer Muttalif,0.908333333,5.016666667,0.181063123,0.468419445,2.075,17,10,1,M,,,,,,,,,
601,41,Tiffany Seely,0.5,3.016666667,0.165745856,0.605139796,1.666666667,16,11,1,F,,,,,,,,,
602,41,Sydney Segal,0.983333333,2.816666667,0.349112426,-0.067554241,0.983333333,14,12,1,F,,,,,,,,,
603,41,Genie Chen,0.516666667,1.616666667,0.319587629,0.525469982,1.516666667,11,13,1,F,,,,,,,,,
604,41,JD Robinson,0.516666667,1.283333333,0.402597403,0.974025974,2.85,9,14,1,M,,,,,,,,,
605,41,Brad Reese,0.266666667,0.783333333,0.340425532,0.940425532,3.766666667,7,15,1,M,,,,,,,,,
606,41,David Voce,0,0.533333333,0,0.35,2,5,16,1,M,,,,,,,,,
607,41,Sara Wilson,0.166666667,0.333333333,0.5,-0.166666667,0.166666667,3,17,1,F,,,,,,,,,
608,41,Eric Abraham,0,0.333333333,0,-0.833333333,0,3,18,1,M,,,,,,,,,
609,42,Chanelle Howell,0.625,2.966666667,0.210674157,0.113899964,0.625,16,11,1,F,,,,,,,,,
610,42,Daniel Strunk,0.1,1.566666667,0.063829787,-0.047281324,0.1,11,13,1,M,,,,,,,,,
611,42,Hai Giang,1.625,6.966666667,0.233253589,1.04007177,3.746212121,19,8,1,M,,,,,,,,,
612,42,Jenny Kim,0.3,0.816666667,0.367346939,-0.132653061,0.3,7,15,1,F,,,,,,,,,
613,42,Lydia Meredith,0.525,2.766666667,0.189759036,0.723092369,2.080555556,14,12,1,F,,,,,,,,,
614,42,Mike Turner,1.625,10.96666667,0.148176292,1.015363792,5,26,2,1,M,,,,,,,,,
615,42,Jackson Fox*,0,0.166666667,0,-1,0,3,18,1,M,,,,,,,,,
616,42,Jonathan Young,3.475,11.96666667,0.290389972,1.150303765,5.702272727,25,4,1,M,,,,,,,,,
617,42,Lindsay Dolashewich,4.075,10.96666667,0.371580547,1.110804685,6.408333333,24,5,1,F,,,,,,,,,
618,42,Marya Sherron,0.2,0.566666667,0.352941176,-0.647058824,0.2,5,16,1,F,,,,,,,,,
619,42,Maryanne Oketch,1.275,11.96666667,0.106545961,1.866603432,10.67314815,26,1,1,F,,,,,,,,,
620,42,Omar Zaheer,2.075,8.966666667,0.231412639,0.888820047,4.741666667,23,6,1,M,,,,,,,,,
621,42,Drea Wheeler,0.641666667,6.966666667,0.092105263,0.829850361,2.975,21,7,1,F,,,,,,,,,
622,42,Rocksroy Bailey,0.841666667,3.966666667,0.212184874,0.589962652,2.241666667,17,10,1,M,,,,,,,,,
623,42,Romeo Escobar,1.516666667,10.96666667,0.138297872,0.681948666,3.072222222,26,3,1,M,,,,,,,,,
624,42,Swati Goel,0.391666667,1.316666667,0.297468354,0.571978158,1.725,11,14,1,F,,,,,,,,,
625,42,Tori Meehan,3.041666667,4.966666667,0.612416107,1.326701822,5.375,17,9,1,F,,,,,,,,,
626,42,Zach Wurtenberger,0.166666667,0.366666667,0.454545455,-0.545454545,0.166666667,3,17,1,M,,,,,,,,,
627,43,Elie Scott,0.65,1.65,0.393939394,0.688057041,1.922727273,13,13,1,f,,,,,,,,,
628,43,Jeanine Zheng,0.691666667,3.65,0.189497717,0.44783105,1.409615385,16,11,1,f,,,,,,,,,
629,43,Mike Gabler,1.691666667,10.98333333,0.154021244,1.917910133,13.16388889,26,1,1,m,,,,,,,,,
630,43,Morriah Young,0,0.333333333,0,-0.833333333,0,3,18,1,f,,,,,,,,,
631,43,Owen Knight,3.983333333,10.98333333,0.362670713,0.98231357,6.483333333,26,3,1,m,,,,,,,,,
632,43,Sami Layadi,0.65,7.65,0.08496732,0.782303882,2.468181818,21,7,1,m,,,,,,,,,
633,43,Cody Assenmacher,2.333333333,8.983333333,0.25974026,1.140577619,5.098765432,23,6,1,m,,,,,,,,,
634,43,Dwight Moore,1.166666667,2.65,0.440251572,1.036211168,2.863636364,14,12,1,m,,,,,,,,,
635,43,Jesse Lopez,1.166666667,10.98333333,0.106221548,1.106221548,8.166666667,25,4,1,m,,,,,,,,,
636,43,Justine Brennan,0.25,0.533333333,0.46875,-0.13125,0.25,5,17,1,f,,,,,,,,,
637,43,Nneka Ejere,0.25,0.733333333,0.340909091,0.590909091,1.805555556,7,16,1,f,,,,,,,,,
638,43,Noelle Lambert,2,6.65,0.30075188,0.787593985,3.4,19,8,1,f,,,,,,,,,
639,43,Cassidy Clark,3.366666667,10.98333333,0.306525038,1.324858371,6.916666667,26,2,1,f,,,,,,,,,
640,43,Geo Bustamante,0.266666667,1.483333333,0.179775281,-0.002042901,0.266666667,11,14,1,m,,,,,,,,,
641,43,James Jones,0.366666667,4.65,0.078853047,0.885519713,2.311111111,17,10,1,m,,,,,,,,,
642,43,Karla Cruz Godoy,2.766666667,9.983333333,0.277128548,0.969128548,4.726666667,22,5,1,f,,,,,,,,,
643,43,Lindsay Carmine,0.366666667,1.233333333,0.297297297,-0.369369369,0.366666667,9,15,1,f,,,,,,,,,
644,43,Ryan Medrano,0.533333333,4.65,0.114695341,0.751362007,1.969230769,17,9,1,m,,,,,,,,,
645,44,Bruce Perrault*,0,0.166666667,0,-1,0,1,18,1,m,,,,,,,,,
646,44,Carolyn Wiger,0.391666667,11.15,0.035127055,0.807776628,3.502777778,26,3,1,f,,,,,,,,,
647,44,Carson Garrett,3.183333333,9.15,0.347905282,1.222905282,9.308333333,25,4,1,m,,,,,,,,,
648,44,Helen Li,0.1,0.566666667,0.176470588,-0.573529412,0.1,5,16,1,f,,,,,,,,,
649,44,Sarah Wade,0.225,1.316666667,0.170886076,-0.079113924,0.225,9,14,1,f,,,,,,,,,
650,44,Yam Yam Arocho,1.558333333,11.15,0.139760837,1.706189408,8.768333333,26,1,1,m,,,,,,,,,
651,44,Brandon Cottom,2.283333333,3.816666667,0.598253275,1.063770516,4.033333333,15,10,1,m,,,,,,,,,
652,44,Jaime Lynn Ruiz,0.825,9.15,0.090163934,0.414238009,1.862037037,23,6,1,f,,,,,,,,,
653,44,Kane Fritzler,0.991666667,3.816666667,0.259825328,0.21570768,0.991666667,17,9,1,m,,,,,,,,,
654,44,Lauren Harpe,2.866666667,9.15,0.313296903,0.591868332,4.00952381,24,5,1,f,,,,,,,,,
655,44,Maddy Pomilla,0.083333333,0.366666667,0.227272727,-0.106060606,0.083333333,3,17,1,f,,,,,,,,,
656,44,Matthew Grinstead-Mayle*,0.658333333,1.65,0.398989899,0.086489899,0.658333333,11,13,1,m,,,,,,,,,
657,44,Claire Rafson,0.166666667,0.816666667,0.204081633,-0.795918367,0.166666667,7,15,1,f,,,,,,,,,
658,44,Danny Massa,1.133333333,7.816666667,0.144989339,0.961656006,3.725925926,21,7,1,m,,,,,,,,,
659,44,Frannie Marin,3.883333333,6.816666667,0.569682152,1.146426338,5.75,19,8,1,f,,,,,,,,,
660,44,Heidi Lagares-Greenblatt,2.133333333,10.15,0.210180624,0.988379277,4.438888889,24,2,1,f,,,,,,,,,
661,44,Josh Wilder,0.716666667,1.816666667,0.394495413,0.938355062,2.413636364,13,12,1,m,,,,,,,,,
662,44,Matt Blankinship,1.3,2.816666667,0.461538462,0.311538462,1.3,14,11,1,m,,,,,,,,,
663,45,Brando Meyer,0.366666667,1.733333333,0.211538462,-0.388461538,0.366666667,11,14,1,m,,,,,,,,,
664,45,Bruce Perrault,3.216666667,6.983333333,0.460620525,0.929370525,4.772222222,19,8,1,m,,,,,,,,,
665,45,Jake O'Kane,0.883333333,11.23333333,0.078635015,0.436393636,1.758333333,26,3,1,m,,,,,,,,,
645,45,Katurah Topps,0.616666667,9.983333333,0.061769616,0.633198187,4.616666667,25,4,1,f,,,,,,,,,
666,45,Kellie Nalbandian,1.466666667,3.65,0.401826484,0.668493151,2.503703704,16,10,1,f,,,,,,,,,
667,45,Kendra McQuarrie,0.991666667,4.983333333,0.198996656,0.366564223,1.551666667,17,9,1,f,,,,,,,,,
668,45,Brandon Donlon,0,0.533333333,0,-1,0,5,17,1,m,,,,,,,,,
669,45,Emily Flippen,1.35,5.983333333,0.225626741,0.973471569,5.55,21,7,1,f,,,,,,,,,
670,45,Hannah Rose*,0,0.333333333,0,-1,0,3,18,1,f,,,,,,,,,
671,45,Kaleb Gebrewold,0.575,2.9,0.198275862,0.643928036,2.130555556,14,11,1,m,,,,,,,,,
672,45,Sabiyah Broderick,0.25,1.283333333,0.194805195,-0.138528139,0.25,7,16,1,f,,,,,,,,,
673,45,Sean Edwards,0.25,1.233333333,0.202702703,0.445126945,1.583333333,9,15,1,m,,,,,,,,,
674,45,Austin Li Coon,4.091666667,10.98333333,0.372534143,1.372534143,10.71666667,26,2,1,m,,,,,,,,,
675,45,Dee Valladares,3.991666667,9.983333333,0.399833055,1.465750163,9.815740741,26,1,1,f,,,,,,,,,
676,45,Drew Basile,2.133333333,7.983333333,0.267223382,0.754292348,3.533333333,23,6,1,m,,,,,,,,,
677,45,J.Maya,0.95,1.65,0.575757576,1.075757576,4.45,15,13,1,f,,,,,,,,,
678,45,Julie Alley,1.325,11.98333333,0.110570236,0.876002335,3.30479798,24,5,1,f,,,,,,,,,
679,45,Sifu Alsup,1.041666667,2.65,0.393081761,0.635506003,1.975,14,12,1,m,,,,,,,,,
680,46,Ben Katzman,1.683333333,11.11666667,0.151424288,0.894071347,4.308333333,23,3,1,m,,,,,,,,,
681,46,Charlie Davis,3.85,12.11666667,0.317744154,1.578365069,10.24814815,23,2,1,m,,,,,,,,,
682,46,Jem Hussain-Adams,0.266666667,1.616666667,0.164948454,-0.501718213,0.266666667,11,14,1,f,,,,,,,,,
683,46,Maria Shrime Gonzalez,3.6,11.11666667,0.323838081,1.117955728,6.4,24,5,1,f,,,,,,,,,
684,46,Moriah Gaynor,0.416666667,1.783333333,0.23364486,-0.060472787,0.416666667,13,13,1,f,,,,,,,,,
685,46,Tim Spicer,0.683333333,2.783333333,0.245508982,0.854204634,3.016666667,14,12,1,m,,,,,,,,,
686,46,Bhanu Gopal,0.25,1.283333333,0.194805195,1.040959041,3.75,9,15,1,m,,,,,,,,,
687,46,David Jelinsky,0,0.333333333,0,-1,0,5,18,1,m,,,,,,,,,
688,46,Jess Chong,0,0.533333333,0,0.3,1.75,7,17,1,f,,,,,,,,,
689,46,Kenzie Petty,2.583333333,11.11666667,0.232383808,1.674353505,10.91515152,23,1,1,f,,,,,,,,,
690,46,Q Burdette,1.583333333,9.116666667,0.173674589,0.956531732,2.983333333,23,6,1,m,,,,,,,,,
691,46,Tiffany Ervin,0.416666667,6.116666667,0.068119891,0.932154979,3.138888889,19,8,1,f,,,,,,,,,
692,46,Hunter McKnight,2.991666667,5.116666667,0.584690554,0.862468332,3.925,17,9,1,m,,,,,,,,,
693,46,Liz Wilcox,0.958333333,11.11633333,0.086209482,0.961209482,7.083333333,23,4,1,f,,,,,,,,,
694,46,Randen Montalvo*,0.533333333,0.783333333,0.680851064,-0.319148936,0.533333333,7,16,1,m,,,,,,,,,
695,46,Soda Thompson,0.908333333,2.783333333,0.326347305,0.708700247,2.658333333,14,11,1,f,,,,,,,,,
696,46,Tevin Davis,1.408333333,3.783333333,0.372246696,0.606814597,2.186111111,16,10,1,m,,,,,,,,,
697,46,Venus Vafa,1.366666667,7.116333333,0.192046466,0.659366727,2.366666667,21,7,1,f,,,,,,,,,
698,47,Caroline Vidmar,0.676190476,8.326190476,0.081212468,0.931761918,4.104761905,22,7,1,f,,,,,,,,,
699,47,Gabe Ortis,2.033333333,6.326190476,0.32141513,1.124748463,3.828205128,18,9,1,m,,,,,,,,,
700,47,Kyle Ostwald,5.676190476,8.326190476,0.681727195,1.331152482,7.542857143,20,8,1,m,,,,,,,,,
701,47,Sue Smey,1.842857143,12.32619048,0.149507437,0.845507437,4.642857143,26,3,1,f,,,,,,,,,
702,47,Tiyana Hallums,0.676190476,2.492857143,0.271251194,0.879946846,3.00952381,13,12,1,f,,,,,,,,,
703,47,TK Foster,0.083333333,0.533333333,0.15625,-0.510416667,0.083333333,5,17,1,m,,,,,,,,,
704,47,Andy Rueda,0.766666667,10.32619048,0.07424487,0.732860007,2.840740741,23,6,1,m,,,,,,,,,
705,47,Anika Dhar,0.766666667,1.326190476,0.578096948,1.178096948,4.266666667,8,14,1,f,,,,,,,,,
706,47,Jon Lovett,0.166666667,0.333333333,0.5,-0.333333333,0.166666667,5,18,1,m,,,,,,,,,
707,47,Rachel LaMont,5.40952381,12.32619048,0.438864207,2.013864207,15.55952381,26,1,1,f,,,,,,,,,
708,47,Sam Phalen,2.40952381,11.32619048,0.212739121,1.322536419,5.313369963,26,2,1,m,,,,,,,,,
709,47,Sierra Wright,0.933333333,4.492857143,0.207737149,0.925479084,3.558333333,15,11,1,f,,,,,,,,,
710,47,Aysha Welch,0.166666667,0.733333333,0.227272727,-0.272727273,0.166666667,7,16,1,f,,,,,,,,,
711,47,Genevieve Mushaluk,2.641666667,11.15952381,0.236718583,0.924556421,4.149358974,24,5,1,f,,,,,,,,,
712,47,Kishan Patel,0.266666667,0.933333333,0.285714286,0.885714286,3.766666667,8,15,1,m,,,,,,,,,
713,47,Rome Cooney,0.391666667,1.492857143,0.262360447,0.910087719,2.007051282,12,13,1,m,,,,,,,,,
714,47,Sol Yi,0.891666667,4.992857143,0.17858846,0.33358846,1.322435897,16,10,1,m,,,,,,,,,
715,47,Teeny Chirichillo,2.201190476,13.32619048,0.165177774,0.608120717,4.690079365,25,4,1,nb,,,,,,,,,
716,48,Cedrek McFadden,0.1,2.65,0.037735849,0.674990751,1.966666667,14,11,1,m,,,,,,,,,
717,48,Justin Pioppi,0,0.783333333,0,1,7,7,16,1,m,,,,,,,,,
718,48,Kevin Leung,0,0.533333333,0,0.333333333,2,5,17,1,m,,,,,,,,,
719,48,Mary Zheng,1.241666667,9.15,0.135701275,0.617844132,2.318589744,21,7,1,f,,,,,,,,,
720,48,Sai Hughley,0.1,3.483333333,0.028708134,0.355980861,0.8,14,12,1,f,,,,,,,,,
721,48,Stephanie Berger,0,0.333333333,0,-0.8,0,3,18,1,f,,,,,,,,,
722,48,Charity Nelms,0.608333333,1.65,0.368686869,-0.16977467,0.608333333,13,13,1,f,,,,,,,,,
723,48,Chrissy Sarnowsky,0.675,4.15,0.162650602,0.840069957,2.290384615,15,10,1,f,,,,,,,,,
724,48,David Kinne,2.65,6.15,0.430894309,0.890353768,4.05,17,9,1,m,,,,,,,,,
725,48,Kamilla Karthigesu,2.75,12.15,0.226337449,1.004115226,8.194444444,25,4,1,f,,,,,,,,,
726,48,Kyle Fraser,3.825,12.15,0.314814815,1.938365539,13.175,26,1,1,m,,,,,,,,,
727,48,Mitch Guerra,0.508333333,10.15,0.050082102,0.590486142,1.70491453,24,5,1,m,,,,,,,,,
728,48,Bianca Roses,0.533333333,1.483333333,0.359550562,-0.140449438,0.533333333,11,14,1,f,,,,,,,,,
729,48,Eva Erickson,2.258333333,12.15,0.185871056,1.310871056,9.883333333,26,2,1,f,,,,,,,,,
730,48,Joe Hunter,5.308333333,12.15,0.436899863,1.449154765,11.03611111,26,3,1,m,,,,,,,,,
731,48,Shauhin Davari,2.058333333,9.15,0.224954463,0.838235713,3.808333333,23,6,1,m,,,,,,,,,
732,48,Star Toomey,1.2,7.15,0.167832168,0.639423077,2.755555556,19,8,1,f,,,,,,,,,
733,48,Thomas Krottinger,0.683333333,0.983333333,0.694915254,0.194915254,0.683333333,9,15,1,m,,,,,,,,,
734,49,Alex Moore,0.80952381,4.126190476,0.196191575,0.960897458,3.04952381,17,9,0,m,,,,,,,,,
735,49,Annie Davis,0,0.533333333,0,0.272727273,1.555555556,5,17,0,f,,,,,,,,,
736,49,Jake Latimer*,0,0.866666667,0,0.577777778,2.333333333,6,16,0,m,,,,,,,,,
737,49,Jeremiah Ing,0,0.866666667,0,0.619047619,3.111111111,6,15,0,m,,,,,,,,,
738,49,Nicole Mazullo,0,0.333333333,0,-0.833333333,0,3,18,0,f,,,,,,,,,
739,49,Sophi Balerdi,1.95,11.37619048,0.171410632,1.23461113,6.313636364,26,2,0,f,,,,,,,,,
740,49,Jawan Pitts,0.183333333,5.376190476,0.034100974,0.874437109,2.583333333,19,8,0,m,,,,,,,,,
741,49,Nate Moore,0.8,2.876190476,0.278145695,0.833701251,2.355555556,14,11,0,m,,,,,,,,,
742,49,Rizo Velovic,0.883333333,11.37619048,0.077647551,0.961328107,4.438888889,25,4,0,m,,,,,,,,,
743,49,Sage Ahrens-Nichols,0.80952381,11.37619048,0.071159481,1.068886754,6.45952381,26,3,0,f,,,,,,,,,
744,49,Savannah Louie,6.1,10.37619048,0.587884351,1.955071851,12.475,26,1,0,f,,,,,,,,,
745,49,Shannon Fairweather,0.492857143,1.676190476,0.294034091,-0.455965909,0.492857143,12,12,0,f,,,,,,,,,
746,49,Jason Treul,0.866666667,1.176190476,0.736842105,0.967611336,2.139393939,10,13,0,m,,,,,,,,,
747,49,Kristina Mills,1.30952381,9.376190476,0.139664804,0.625172051,3.05952381,24,5,0,f,,,,,,,,,
748,49,Matt Williams,0.533333333,1.00952381,0.528301887,-0.043126685,0.533333333,8,14,0,m,,,,,,,,,
749,49,MC Chukwujekwu,1.342857143,2.876190476,0.466887417,0.841887417,3.092857143,15,10,0,f,,,,,,,,,
750,49,Sophie Segreti,3.792857143,7.376190476,0.514202711,1.28005637,5.829220779,21,7,0,f,,,,,,,,,
751,49,Steven Ramm,3.426190476,9.376190476,0.365413916,0.835784286,4.592857143,23,6,0,m,,,,,,,,,
283,AU3,Russell Hantz,0.257575758,0.348484848,0.739130435,0.405797101,0.257575758,5,23,4,m,,,,,,,,,
97,AU7,Sandra Diaz-Twine,0.372727273,1.36010101,0.274043817,0.448462422,0.784491979,16,19,5,f,,,,,,,,,
188,AU11,Parvati Shallow,2.333333333,8.476190476,0.275280899,2.021312645,13.6984127,16,1,5,f,,,,,,,,,
170,AU11,Cirie Fields,0.333333333,8.476190476,0.039325843,0.913877814,2.407407407,15,4,5,f,,,,,,,,,
407,AU11,Tony Vlachos,0.333333333,1.476190476,0.225806452,0.533498759,1.888888889,8,11,4,m,,,,,,,,,
#NAME?,50,Angelina Keeley,,,,,,,,,,,,,,,,,,
#NAME?,50,Aubry Bracco,,,,,,,,,,,,,,,,,,
#NAME?,50,Colby Donaldson,,,,,,,,,,,,,,,,,,
#NAME?,50,Genevieve Mushaluk,,,,,,,,,,,,,,,,,,
#NAME?,50,Kyle Fraser,,,,,,,,,,,,,,,,,,
#NAME?,50,Q Burdette,,,,,,,,,,,,,,,,,,
#NAME?,50,Rizo Velovic,,,,,,,,,,,,,,,,,,
#NAME?,50,Stephenie LaGrossa,,,,,,,,,,,,,,,,,,
#NAME?,50,Christian Hubicki,,,,,,,,,,,,,,,,,,
#NAME?,50,Cirie Fields,,,,,,,,,,,,,,,,,,
#NAME?,50,Emily Flippen,,,,,,,,,,,,,,,,,,
#NAME?,50,Jenna Lewis,,,,,,,,,,,,,,,,,,
#NAME?,50,Joe Hunter,,,,,,,,,,,,,,,,,,
#NAME?,50,Ozzy Lusth,,,,,,,,,,,,,,,,,,
#NAME?,50,Rick Devens,,,,,,,,,,,,,,,,,,
#NAME?,50,Savannah Louie,,,,,,,,,,,,,,,,,,
#NAME?,50,Charlie Davis,,,,,,,,,,,,,,,,,,
#NAME?,50,Chrissy Hofbeck,,,,,,,,,,,,,,,,,,
#NAME?,50,Coach Wade,,,,,,,,,,,,,,,,,,
#NAME?,50,Dee Valladares,,,,,,,,,,,,,,,,,,
#NAME?,50,Jonathan Young,,,,,,,,,,,,,,,,,,
#NAME?,50,Kamilla Karthigesu,,,,,,,,,,,,,,,,,,
#NAME?,50,Mike White,,,,,,,,,,,,,,,,,,
#NAME?,50,Tiffany Ervin,,,,,,,,,,,,,,,,,,